{
  "packets":{
    "actorList":["0-1070","0-1071","0-1072","0-1073","0-1074"],
    "ai":[],
    "cellChangeFrom":[],
    "cellChangeTo":[],
    "container":[],
    "death":[],
    "delete":[],
    "doorState":[],
    "equipment":[],
    "lock":[],
    "place":[],
    "position":["0-1070","0-1071","0-1072","0-1073","0-1074"],
    "scale":[],
    "spawn":["0-1070","0-1071","0-1072","0-1073","0-1074"],
    "state":[],
    "statsDynamic":["0-1070","0-1071","0-1072","0-1073","0-1074"],
    "trap":[]
  },
  "entry":{
    "creationTime":1547247421,
    "description":"0, 0"
  },
  "lastVisit":{
    "urm":1547247427
  },
  "recordLinks":[],
  "objectData":{
    "0-1071":{
      "refId":"scamp",
      "location":{
        "posX":3111.9228515625,
        "posZ":445.34149169922,
        "posY":3787.2084960938,
        "rotX":0.0037802122533321,
        "rotY":0,
        "rotZ":-0.5916531085968
      },
      "stats":{
        "healthCurrent":45,
        "magickaCurrent":100,
        "healthModified":45,
        "fatigueBase":400,
        "fatigueModified":400,
        "healthBase":45,
        "magickaModified":100,
        "magickaBase":100,
        "fatigueCurrent":400
      }
    },
    "0-1070":{
      "refId":"scamp",
      "location":{
        "posX":1660.8464355469,
        "posZ":628.56756591797,
        "posY":5086.048828125,
        "rotX":-0.11647496372461,
        "rotY":0,
        "rotZ":-1.3423020839691
      },
      "stats":{
        "healthCurrent":45,
        "magickaCurrent":100,
        "healthModified":45,
        "fatigueBase":400,
        "fatigueModified":400,
        "healthBase":45,
        "magickaModified":100,
        "magickaBase":100,
        "fatigueCurrent":400
      }
    },
    "0-1073":{
      "refId":"kwama forager",
      "location":{
        "posX":1458.3293457031,
        "posZ":482.83428955078,
        "posY":7101.02734375,
        "rotX":0.016511388123035,
        "rotY":0,
        "rotZ":-0.1372230052948
      },
      "stats":{
        "healthCurrent":23,
        "magickaCurrent":15,
        "healthModified":23,
        "fatigueBase":300,
        "fatigueModified":300,
        "healthBase":23,
        "magickaModified":15,
        "magickaBase":15,
        "fatigueCurrent":300
      }
    },
    "0-1072":{
      "refId":"scamp",
      "location":{
        "posX":3830.0478515625,
        "posZ":787.43304443359,
        "posY":4401.6484375,
        "rotX":0.0086487904191017,
        "rotY":0,
        "rotZ":-3.1251966953278
      },
      "stats":{
        "healthCurrent":45,
        "magickaCurrent":100,
        "healthModified":45,
        "fatigueBase":400,
        "fatigueModified":400,
        "healthBase":45,
        "magickaModified":100,
        "magickaBase":100,
        "fatigueCurrent":400
      }
    },
    "0-1074":{
      "refId":"cliff racer",
      "location":{
        "posX":3793.8876953125,
        "posZ":2562.4445800781,
        "posY":4769.8071289063,
        "rotX":0,
        "rotY":0,
        "rotZ":-0.46902847290039
      },
      "stats":{
        "healthCurrent":45,
        "magickaCurrent":20,
        "healthModified":45,
        "fatigueBase":400,
        "fatigueModified":400,
        "healthBase":45,
        "magickaModified":20,
        "magickaBase":20,
        "fatigueCurrent":400
      }
    }
  }
}