{
  "packets":{
    "actorList":["482621-0","482622-0","482623-0","482624-0","482625-0"],
    "ai":[],
    "cellChangeFrom":[],
    "cellChangeTo":[],
    "container":["152816-0","391442-0","391443-0","391444-0","391445-0","391446-0","391447-0","391448-0","391449-0","391450-0","391451-0","391452-0","391453-0","391454-0","391455-0","391456-0","391457-0","391458-0","391459-0","391461-0","391465-0","391473-0","391474-0","482621-0","482622-0","482623-0","482624-0","482625-0"],
    "death":[],
    "delete":[],
    "doorState":[],
    "equipment":[],
    "lock":[],
    "place":[],
    "position":["482621-0","482622-0","482623-0","482624-0","482625-0"],
    "scale":[],
    "spawn":[],
    "state":[],
    "statsDynamic":["482621-0","482622-0","482623-0","482624-0","482625-0"],
    "trap":[]
  },
  "entry":{
    "creationTime":1547247871,
    "description":"Alas Ancestral Tomb"
  },
  "lastVisit":{
    "urm":1547247871
  },
  "recordLinks":[],
  "objectData":{
    "391448-0":{
      "refId":"urn_ash00",
      "inventory":[{
          "refId":"ingred_bonemeal_01",
          "count":1,
          "charge":-1,
          "enchantmentCharge":-1,
          "soul":""
        }]
    },
    "391450-0":{
      "refId":"urn_ash00",
      "inventory":[{
          "refId":"ingred_bonemeal_01",
          "count":1,
          "charge":-1,
          "enchantmentCharge":-1,
          "soul":""
        }]
    },
    "152816-0":{
      "refId":"com_sack_02_chpfood3",
      "inventory":[{
          "refId":"ingred_saltrice_01",
          "count":3,
          "charge":-1,
          "enchantmentCharge":-1,
          "soul":""
        }]
    },
    "482624-0":{
      "refId":"hunger",
      "location":{
        "posX":472.42529296875,
        "posZ":-127,
        "posY":-1636.9571533203,
        "rotX":0,
        "rotY":0,
        "rotZ":5.58318567276
      },
      "stats":{
        "healthCurrent":170,
        "magickaCurrent":250,
        "healthModified":170,
        "fatigueBase":400,
        "fatigueModified":400,
        "healthBase":170,
        "magickaModified":250,
        "magickaBase":250,
        "fatigueCurrent":400
      },
      "inventory":[{
          "refId":"ingred_daedras_heart_01",
          "count":1,
          "charge":-1,
          "enchantmentCharge":-1,
          "soul":""
        }]
    },
    "391443-0":{
      "refId":"urn_ash00",
      "inventory":[{
          "refId":"ingred_bonemeal_01",
          "count":1,
          "charge":-1,
          "enchantmentCharge":-1,
          "soul":""
        }]
    },
    "391445-0":{
      "refId":"urn_ash00",
      "inventory":[{
          "refId":"ingred_bonemeal_01",
          "count":1,
          "charge":-1,
          "enchantmentCharge":-1,
          "soul":""
        }]
    },
    "391453-0":{
      "refId":"urn_ash00",
      "inventory":[{
          "refId":"ingred_bonemeal_01",
          "count":1,
          "charge":-1,
          "enchantmentCharge":-1,
          "soul":""
        }]
    },
    "482622-0":{
      "refId":"atronach_flame",
      "location":{
        "posX":-506.05825805664,
        "posZ":-127,
        "posY":73.437454223633,
        "rotX":0,
        "rotY":0,
        "rotZ":-2.9884932041168
      },
      "stats":{
        "healthCurrent":75,
        "magickaCurrent":105,
        "healthModified":75,
        "fatigueBase":600,
        "fatigueModified":600,
        "healthBase":75,
        "magickaModified":105,
        "magickaBase":105,
        "fatigueCurrent":600
      },
      "inventory":[{
          "refId":"ingred_fire_salts_01",
          "count":1,
          "charge":-1,
          "enchantmentCharge":-1,
          "soul":""
        }]
    },
    "482623-0":{
      "refId":"clannfear",
      "location":{
        "posX":249.12071228027,
        "posZ":-127.00001525879,
        "posY":-895.42956542969,
        "rotX":0,
        "rotY":0,
        "rotZ":0
      },
      "stats":{
        "healthCurrent":113,
        "magickaCurrent":100,
        "healthModified":113,
        "fatigueBase":500,
        "fatigueModified":500,
        "healthBase":113,
        "magickaModified":100,
        "magickaBase":100,
        "fatigueCurrent":500
      },
      "inventory":[{
          "refId":"ingred_daedras_heart_01",
          "count":1,
          "charge":-1,
          "enchantmentCharge":-1,
          "soul":""
        }]
    },
    "391442-0":{
      "refId":"urn_ash00",
      "inventory":[{
          "refId":"ingred_bonemeal_01",
          "count":1,
          "charge":-1,
          "enchantmentCharge":-1,
          "soul":""
        }]
    },
    "391449-0":{
      "refId":"urn_ash00",
      "inventory":[{
          "refId":"ingred_bonemeal_01",
          "count":1,
          "charge":-1,
          "enchantmentCharge":-1,
          "soul":""
        }]
    },
    "391474-0":{
      "refId":"contain_corpse10",
      "inventory":[{
          "refId":"ingred_bonemeal_01",
          "count":1,
          "charge":-1,
          "enchantmentCharge":-1,
          "soul":""
        }]
    },
    "391456-0":{
      "refId":"urn_ash00",
      "inventory":[{
          "refId":"ingred_bonemeal_01",
          "count":1,
          "charge":-1,
          "enchantmentCharge":-1,
          "soul":""
        }]
    },
    "482625-0":{
      "refId":"ogrim",
      "location":{
        "posX":-398.30718994141,
        "posZ":-127,
        "posY":1111.3707275391,
        "rotX":0,
        "rotY":0,
        "rotZ":2.7470762729645
      },
      "stats":{
        "healthCurrent":170,
        "magickaCurrent":165,
        "healthModified":170,
        "fatigueBase":1000,
        "fatigueModified":1000,
        "healthBase":170,
        "magickaModified":165,
        "magickaBase":165,
        "fatigueCurrent":1000
      },
      "inventory":[{
          "refId":"ingred_daedras_heart_01",
          "count":1,
          "charge":-1,
          "enchantmentCharge":-1,
          "soul":""
        }]
    },
    "391465-0":{
      "refId":"chest_tomb_small00",
      "inventory":[{
          "refId":"misc_soulgem_petty",
          "count":1,
          "charge":-1,
          "enchantmentCharge":-1,
          "soul":""
        }]
    },
    "391459-0":{
      "refId":"urn_ash00",
      "inventory":[{
          "refId":"ingred_bonemeal_01",
          "count":1,
          "charge":-1,
          "enchantmentCharge":-1,
          "soul":""
        }]
    },
    "391446-0":{
      "refId":"urn_ash00",
      "inventory":[{
          "refId":"ingred_bonemeal_01",
          "count":1,
          "charge":-1,
          "enchantmentCharge":-1,
          "soul":""
        }]
    },
    "391452-0":{
      "refId":"urn_ash00",
      "inventory":[{
          "refId":"ingred_bonemeal_01",
          "count":1,
          "charge":-1,
          "enchantmentCharge":-1,
          "soul":""
        }]
    },
    "391447-0":{
      "refId":"urn_ash00",
      "inventory":[{
          "refId":"ingred_bonemeal_01",
          "count":1,
          "charge":-1,
          "enchantmentCharge":-1,
          "soul":""
        }]
    },
    "482621-0":{
      "refId":"atronach_storm",
      "location":{
        "posX":484.23150634766,
        "posZ":-126.99998474121,
        "posY":1069.4666748047,
        "rotX":0,
        "rotY":0,
        "rotZ":4.4831867218018
      },
      "stats":{
        "healthCurrent":200,
        "magickaCurrent":195,
        "healthModified":200,
        "fatigueBase":600,
        "fatigueModified":600,
        "healthBase":200,
        "magickaModified":195,
        "magickaBase":195,
        "fatigueCurrent":600
      },
      "inventory":[{
          "refId":"ingred_void_salts_01",
          "count":1,
          "charge":-1,
          "enchantmentCharge":-1,
          "soul":""
        }]
    },
    "391458-0":{
      "refId":"urn_ash00",
      "inventory":[{
          "refId":"ingred_bonemeal_01",
          "count":1,
          "charge":-1,
          "enchantmentCharge":-1,
          "soul":""
        }]
    },