{
  "packets":{
    "actorList":["0-1128","0-1129","0-1130","250315-0","250316-0","250317-0","478568-0","478569-0"],
    "ai":[],
    "cellChangeFrom":[],
    "cellChangeTo":[],
    "container":["250407-0","478645-0","478646-0","478649-0","478650-0","478651-0","478653-0","478654-0","478661-0","478665-0","250315-0","250316-0","250317-0","478568-0","478569-0"],
    "death":[],
    "delete":[],
    "doorState":[],
    "equipment":["250315-0","250316-0","250317-0","0-1128"],
    "lock":[],
    "place":[],
    "position":["250315-0","250316-0","250317-0","478568-0","478569-0","0-1128","0-1129","0-1130"],
    "scale":[],
    "spawn":["0-1128","0-1129","0-1130"],
    "state":[],
    "statsDynamic":["250315-0","250316-0","250317-0","478568-0","478569-0","0-1128","0-1129","0-1130"],
    "trap":[]
  },
  "entry":{
    "creationTime":1547247874,
    "description":"Ald Redaynia, Tower"
  },
  "lastVisit":{
    "urm":1547247874
  },
  "recordLinks":[],
  "objectData":{
    "0-1130":{
      "refId":"ancestor_ghost",
      "location":{
        "posX":4832.9428710938,
        "posZ":14278.138671875,
        "posY":4086.951171875,
        "rotX":0.26314651966095,
        "rotY":0,
        "rotZ":-2.7061445713043
      },
      "stats":{
        "healthCurrent":23,
        "magickaCurrent":400,
        "healthModified":23,
        "fatigueBase":400,
        "fatigueModified":400,
        "healthBase":23,
        "magickaModified":400,
        "magickaBase":400,
        "fatigueCurrent":400
      }
    },
    "478654-0":{
      "refId":"com_sack_03_chpfood5",
      "inventory":[{
          "refId":"ingred_hackle-lo_leaf_01",
          "count":5,
          "charge":-1,
          "enchantmentCharge":-1,
          "soul":""
        }]
    },
    "0-1129":{
      "refId":"ancestor_ghost",
      "location":{
        "posX":4551.548828125,
        "posZ":14284.44921875,
        "posY":5132.640625,
        "rotX":0.36913737654686,
        "rotY":0,
        "rotZ":-2.3229582309723
      },
      "stats":{
        "healthCurrent":23,
        "magickaCurrent":400,
        "healthModified":23,
        "fatigueBase":400,
        "fatigueModified":400,
        "healthBase":23,
        "magickaModified":400,
        "magickaBase":400,
        "fatigueCurrent":400
      }
    },
    "478646-0":{
      "refId":"crate_01_guardtower",
      "inventory":[{
          "refId":"long bow",
          "count":1,
          "charge":-1,
          "enchantmentCharge":-1,
          "soul":""
        },{
          "refId":"chitin short bow",
          "count":1,
          "charge":-1,
          "enchantmentCharge":-1,
          "soul":""
        },{
          "refId":"chitin arrow",
          "count":15,
          "charge":-1,
          "enchantmentCharge":-1,
          "soul":""
        },{
          "refId":"corkbulb bolt",
          "count":10,
          "charge":-1,
          "enchantmentCharge":-1,
          "soul":""
        }]
    },
    "0-1128":{
      "refId":"skeleton archer",
      "location":{
        "posX":4527.7416992188,
        "posZ":14497.193359375,
        "posY":4501.2641601563,
        "rotX":0,
        "rotY":0,
        "rotZ":1.5707963705063
      },
      "stats":{
        "healthCurrent":38,
        "magickaCurrent":30,
        "healthModified":38,
        "fatigueBase":1000,
        "fatigueModified":1000,
        "healthBase":38,
        "magickaModified":30,
        "magickaBase":30,
        "fatigueCurrent":1000
      },
      "equipment":[]
    },
    "250315-0":{
      "refId":"dead de male_01",
      "location":{
        "posX":4257.4077148438,
        "posZ":13985.193359375,
        "posY":3803.2446289063,
        "rotX":0,
        "rotY":0,
        "rotZ":0.5
      },
      "stats":{
        "healthCurrent":0,
        "magickaCurrent":86,
        "healthModified":0,
        "fatigueBase":206,
        "fatigueModified":206,
        "healthBase":0,
        "magickaModified":86,
        "magickaBase":86,
        "fatigueCurrent":206
      },
      "equipment":{
        "7":{
          "refId":"common_shoes_05",
          "count":1,
          "charge":-1,
          "enchantmentCharge":-1
        },
        "8":{
          "refId":"common_shirt_04",
          "count":1,
          "charge":-1,
          "enchantmentCharge":-1
        },
        "16":{
          "refId":"iron warhammer",
          "count":1,
          "charge":-1,
          "enchantmentCharge":-1
        },
        "9":{
          "refId":"common_pants_03",
          "count":1,
          "charge":-1,
          "enchantmentCharge":-1
        }
      },
      "inventory":[{
          "refId":"common_shirt_04",
          "count":1,
          "charge":-1,
          "enchantmentCharge":-1,
          "soul":""
        },{
          "refId":"common_shoes_05",
          "count":1,
          "charge":-1,
          "enchantmentCharge":-1,
          "soul":""
        },{
          "refId":"common_pants_03",
          "count":1,
          "charge":-1,
          "enchantmentCharge":-1,
          "soul":""
        },{
          "refId":"iron warhammer",
          "count":1,
          "charge":-1,
          "enchantmentCharge":-1,
          "soul":""
        }]
    },
    "478653-0":{
      "refId":"com_sack_03_chpfood5",
      "inventory":[{
          "refId":"ingred_scuttle_01",
          "count":5,
          "charge":-1,
          "enchantmentCharge":-1,
          "soul":""
        }]
    },
    "478649-0":{
      "refId":"com_sack_01_ingred",
      "inventory":[{
          "refId":"food_kwama_egg_01",
          "count":1,
          "charge":-1,
          "enchantmentCharge":-1,
          "soul":""
        },{
          "refId":"ingred_bittergreen_petals_01",
          "count":1,
          "charge":-1,
          "enchantmentCharge":-1,
          "soul":""
        },{
          "refId":"ingred_marshmerrow_01",
          "count":1,
          "charge":-1,
          "enchantmentCharge":-1,
          "soul":""
        }]
    },
    "478665-0":{
      "refId":"contain_corpse_nord",
      "inventory":[{
          "refId":"fur_bracer_right",
          "count":1,
          "charge":-1,
          "enchantmentCharge":-1,
          "soul":""
        },{
          "refId":"fur_bracer_left",
          "count":1,
          "charge":-1,
          "enchantmentCharge":-1,
          "soul":""
        },{
          "refId":"fur_boots",
          "count":1,
          "charge":-1,
          "enchantmentCharge":-1,
          "soul":""
        },{
          "refId":"nordic_ringmail_cuirass",
          "count":1,
          "charge":-1,
          "enchantmentCharge":-1,
          "soul":""
        },{
          "refId":"common_shirt_03_c",
          "count":1,
          "charge":-1,
          "enchantmentCharge":-1,
          "soul":""
        },{
          "refId":"common_pants_03_c",
          "count":1,
          "charge":-1,
          "enchantmentCharge":-1,
          "soul":""
        },{
          "refId":"ingred_bonemeal_01",
          "count":1,
          "charge":-1,
          "enchantmentCharge":-1,
          "soul":""
        },{
          "refId":"iron shardaxe",
          "count":1,
          "charge":-1,
          "enchantmentCharge":-1,
          "soul":""
        }]
    },
    "478651-0":{
      "refId":"com_sack_02_gold_100",
      "inventory":[{
          "refId":"gold_001",
          "count":100,
          "charge":-1,
          "enchantmentCharge":-1,
          "soul":""
        }]
    },
    "250316-0":{
      "refId":"dead de male",
      "location":{
        "posX":4220.3544921875,
        "posZ":14497.193359375,
        "posY":3778.3090820313,
        "rotX":0,
        "rotY":0,
        "rotZ":6.2831854820251
      },
      "stats":{
        "healthCurrent":0,
        "magickaCurrent":82,
        "healthModified":0,
        "fatigueBase":187,
        "fatigueModified":187,
        "healthBase":0,
        "magickaModified":82,
        "magickaBase":82,
        "fatigueCurrent":187
      },