{
  "packets":{
    "actorList":["249742-0","249743-0","249744-0","249745-0"],
    "ai":[],
    "cellChangeFrom":[],
    "cellChangeTo":[],
    "container":["387944-0","387945-0","387946-0","387947-0","387948-0","387949-0","387959-0","387960-0","387961-0","387962-0","387963-0","387964-0","387965-0","387966-0","387967-0","387968-0","387970-0","387971-0","387972-0","387973-0","387974-0","387975-0","387976-0","387977-0","387978-0","387979-0","249742-0","249743-0","249744-0","249745-0"],
    "death":[],
    "delete":[],
    "doorState":[],
    "equipment":["249742-0","249743-0","249744-0","249745-0"],
    "lock":[],
    "place":[],
    "position":["249742-0","249743-0","249744-0","249745-0"],
    "scale":[],
    "spawn":[],
    "state":[],
    "statsDynamic":["249742-0","249743-0","249744-0","249745-0"],
    "trap":[]
  },
  "entry":{
    "creationTime":1547247907,
    "description":"Ald-ruhn, Venim Manor Entrance"
  },
  "lastVisit":{
    "urm":1547247907
  },
  "recordLinks":[],
  "objectData":{
    "387963-0":{
      "refId":"flora_bittergreen_05",
      "inventory":[{
          "refId":"ingred_bittergreen_petals_01",
          "count":2,
          "charge":-1,
          "enchantmentCharge":-1,
          "soul":""
        }]
    },
    "387944-0":{
      "refId":"flora_kreshweed_01",
      "inventory":[{
          "refId":"ingred_kresh_fiber_01",
          "count":1,
          "charge":-1,
          "enchantmentCharge":-1,
          "soul":""
        }]
    },
    "249745-0":{
      "refId":"irver fevur",
      "location":{
        "posX":-540.37976074219,
        "posZ":-254.99996948242,
        "posY":2258.6608886719,
        "rotX":0,
        "rotY":0,
        "rotZ":1.1410686969757
      },
      "stats":{
        "healthCurrent":63,
        "magickaCurrent":86,
        "healthModified":63,
        "fatigueBase":172,
        "fatigueModified":172,
        "healthBase":63,
        "magickaModified":86,
        "magickaBase":86,
        "fatigueCurrent":172
      },
      "equipment":{
        "7":{
          "refId":"common_shoes_05",
          "count":1,
          "charge":-1,
          "enchantmentCharge":-1
        },
        "11":{
          "refId":"common_robe_02_rr",
          "count":1,
          "charge":-1,
          "enchantmentCharge":-1
        }
      },
      "inventory":[{
          "refId":"common_robe_02_rr",
          "count":1,
          "charge":-1,
          "enchantmentCharge":-1,
          "soul":""
        },{
          "refId":"common_shoes_05",
          "count":1,
          "charge":-1,
          "enchantmentCharge":-1,
          "soul":""
        },{
          "refId":"key_venimmanor",
          "count":1,
          "charge":-1,
          "enchantmentCharge":-1,
          "soul":""
        }]
    },
    "249742-0":{
      "refId":"ralam vilas",
      "location":{
        "posX":-144,
        "posZ":-254.99998474121,
        "posY":1584,
        "rotX":0,
        "rotY":0,
        "rotZ":1.5707963705063
      },
      "stats":{
        "healthCurrent":74,
        "magickaCurrent":92,
        "healthModified":74,
        "fatigueBase":180,
        "fatigueModified":180,
        "healthBase":74,
        "magickaModified":92,
        "magickaBase":92,
        "fatigueCurrent":180
      },
      "equipment":{
        "14":{
          "refId":"extravagant_amulet_01",
          "count":1,
          "charge":-1,
          "enchantmentCharge":-1
        },
        "8":{
          "refId":"common_shirt_02_rr",
          "count":1,
          "charge":-1,
          "enchantmentCharge":-1
        },
        "15":{
          "refId":"common_belt_05",
          "count":1,
          "charge":-1,
          "enchantmentCharge":-1
        },
        "9":{
          "refId":"common_pants_05",
          "count":1,
          "charge":-1,
          "enchantmentCharge":-1
        }
      },
      "inventory":[{
          "refId":"extravagant_amulet_01",
          "count":1,
          "charge":-1,
          "enchantmentCharge":-1,
          "soul":""
        },{
          "refId":"common_belt_05",
          "count":1,
          "charge":-1,
          "enchantmentCharge":-1,
          "soul":""
        },{
          "refId":"common_shirt_02_rr",
          "count":1,
          "charge":-1,
          "enchantmentCharge":-1,
          "soul":""
        },{
          "refId":"common_pants_05",
          "count":1,
          "charge":-1,
          "enchantmentCharge":-1,
          "soul":""
        },{
          "refId":"key_venimmanor",
          "count":1,
          "charge":-1,
          "enchantmentCharge":-1,
          "soul":""
        }]
    },
    "387945-0":{
      "refId":"flora_kreshweed_02",
      "inventory":[{
          "refId":"ingred_kresh_fiber_01",
          "count":1,
          "charge":-1,
          "enchantmentCharge":-1,
          "soul":""
        }]
    },
    "387970-0":{
      "refId":"flora_bittergreen_01",
      "inventory":[{
          "refId":"ingred_bittergreen_petals_01",
          "count":1,
          "charge":-1,
          "enchantmentCharge":-1,
          "soul":""
        }]
    },
    "249744-0":{
      "refId":"vevul alver",
      "location":{
        "posX":-140.0439453125,
        "posZ":-255,
        "posY":2707.1237792969,
        "rotX":0,
        "rotY":0,
        "rotZ":3.0131850242615
      },
      "stats":{
        "healthCurrent":175,
        "magickaCurrent":120,
        "healthModified":175,
        "fatigueBase":314,
        "fatigueModified":314,
        "healthBase":175,
        "magickaModified":120,
        "magickaBase":120,
        "fatigueCurrent":314
      },
      "equipment":{
        "0":{
          "refId":"dwemer_helm",
          "count":1,
          "charge":-1,
          "enchantmentCharge":-1
        },
        "1":{
          "refId":"dwemer_cuirass",
          "count":1,
          "charge":-1,
          "enchantmentCharge":-1
        },
        "2":{
          "refId":"dwemer_greaves",
          "count":1,
          "charge":-1,
          "enchantmentCharge":-1
        },
        "3":{
          "refId":"dwemer_pauldron_left",
          "count":1,
          "charge":-1,
          "enchantmentCharge":-1
        },
        "4":{
          "refId":"dwemer_pauldron_right",
          "count":1,
          "charge":-1,
          "enchantmentCharge":-1
        },
        "5":{
          "refId":"dwemer_bracer_left",
          "count":1,
          "charge":-1,
          "enchantmentCharge":-1
        },
        "6":{
          "refId":"dwemer_bracer_right",
          "count":1,
          "charge":-1,
          "enchantmentCharge":-1
        },
        "7":{
          "refId":"dwemer_boots",
          "count":1,
          "charge":-1,
          "enchantmentCharge":-1
        },
        "8":{
          "refId":"extravagant_shirt_01_r",
          "count":1,
          "charge":-1,
          "enchantmentCharge":-1
        },
        "9":{
          "refId":"extravagant_pants_01",
          "count":1,
          "charge":-1,
          "enchantmentCharge":-1
        },
        "15":{
          "refId":"extravagant_belt_01",
          "count":1,
          "charge":-1,
          "enchantmentCharge":-1
        },
        "16":{
          "refId":"silver longsword",
          "count":1,
          "charge":-1,
          "enchantmentCharge":-1
        },
        "17":{
          "refId":"dwemer_shield",
          "count":1,
          "charge":-1,
          "enchantmentCharge":-1
        }
      },
      "inventory":[{
          "refId":"dwemer_bracer_right",
          "count":1,
          "charge":-1,
          "enchantmentCharge":-1,
          "soul":""
        },{
          "refId":"dwemer_bracer_left",
          "count":1,
          "charge":-1,
          "enchantmentCharge":-1,
          "soul":""
        },{
          "refId":"dwemer_shield",
          "count":1,
          "charge":-1,
          "enchantmentCharge":-1,
          "soul":""
        },{
          "refId":"dwemer_boots",