{
  "packets":{
    "actorList":["0-1152","0-1153","0-1154","0-1155"],
    "ai":[],
    "cellChangeFrom":[],
    "cellChangeTo":[],
    "container":["388188-0","388189-0","388190-0","388191-0","388192-0","388193-0","388194-0","388195-0","388196-0","388197-0","388198-0","388199-0","388200-0","388201-0","388202-0","388203-0","388204-0","388205-0","388212-0","388215-0","388217-0","388220-0","388221-0","388223-0"],
    "death":[],
    "delete":[],
    "doorState":[],
    "equipment":[],
    "lock":[],
    "place":[],
    "position":["0-1152","0-1153","0-1154","0-1155"],
    "scale":[],
    "spawn":["0-1152","0-1153","0-1154","0-1155"],
    "state":[],
    "statsDynamic":["0-1152","0-1153","0-1154","0-1155"],
    "trap":[]
  },
  "entry":{
    "creationTime":1547247916,
    "description":"Andavel Ancestral Tomb"
  },
  "lastVisit":{
    "urm":1547247916
  },
  "recordLinks":[],
  "objectData":{
    "388194-0":{
      "refId":"urn_ash00",
      "inventory":[{
          "refId":"ingred_bonemeal_01",
          "count":1,
          "charge":-1,
          "enchantmentCharge":-1,
          "soul":""
        }]
    },
    "0-1155":{
      "refId":"scamp",
      "location":{
        "posX":-3697.2509765625,
        "posZ":1672.2006835938,
        "posY":-4234.0966796875,
        "rotX":0,
        "rotY":0,
        "rotZ":0
      },
      "stats":{
        "healthCurrent":45,
        "magickaCurrent":100,
        "healthModified":45,
        "fatigueBase":400,
        "fatigueModified":400,
        "healthBase":45,
        "magickaModified":100,
        "magickaBase":100,
        "fatigueCurrent":400
      }
    },
    "0-1154":{
      "refId":"scamp",
      "location":{
        "posX":-881.7783203125,
        "posZ":1548.6374511719,
        "posY":-2959.8601074219,
        "rotX":0,
        "rotY":0,
        "rotZ":0
      },
      "stats":{
        "healthCurrent":45,
        "magickaCurrent":100,
        "healthModified":45,
        "fatigueBase":400,
        "fatigueModified":400,
        "healthBase":45,
        "magickaModified":100,
        "magickaBase":100,
        "fatigueCurrent":400
      }
    },
    "388199-0":{
      "refId":"urn_ash00",
      "inventory":[{
          "refId":"ingred_bonemeal_01",
          "count":1,
          "charge":-1,
          "enchantmentCharge":-1,
          "soul":""
        }]
    },
    "388217-0":{
      "refId":"sack_tomb_ingred",
      "inventory":[{
          "refId":"ingred_comberry_01",
          "count":1,
          "charge":-1,
          "enchantmentCharge":-1,
          "soul":""
        },{
          "refId":"ingred_ash_salts_01",
          "count":1,
          "charge":-1,
          "enchantmentCharge":-1,
          "soul":""
        },{
          "refId":"ingred_heather_01",
          "count":1,
          "charge":-1,
          "enchantmentCharge":-1,
          "soul":""
        }]
    },
    "388215-0":{
      "refId":"sack_tomb_ingred",
      "inventory":[{
          "refId":"ingred_bittergreen_petals_01",
          "count":1,
          "charge":-1,
          "enchantmentCharge":-1,
          "soul":""
        },{
          "refId":"ingred_comberry_01",
          "count":1,
          "charge":-1,
          "enchantmentCharge":-1,
          "soul":""
        },{
          "refId":"ingred_heather_01",
          "count":1,
          "charge":-1,
          "enchantmentCharge":-1,
          "soul":""
        }]
    },
    "388200-0":{
      "refId":"urn_ash00",
      "inventory":[{
          "refId":"ingred_bonemeal_01",
          "count":1,
          "charge":-1,
          "enchantmentCharge":-1,
          "soul":""
        }]
    },
    "0-1153":{
      "refId":"scamp",
      "location":{
        "posX":-2931.3159179688,
        "posZ":1544.2297363281,
        "posY":-2815.3374023438,
        "rotX":0,
        "rotY":0,
        "rotZ":3.1415927410126
      },
      "stats":{
        "healthCurrent":45,
        "magickaCurrent":100,
        "healthModified":45,
        "fatigueBase":400,
        "fatigueModified":400,
        "healthBase":45,
        "magickaModified":100,
        "magickaBase":100,
        "fatigueCurrent":400
      }
    },
    "388197-0":{
      "refId":"urn_ash00",
      "inventory":[{
          "refId":"ingred_bonemeal_01",
          "count":1,
          "charge":-1,
          "enchantmentCharge":-1,
          "soul":""
        }]
    },
    "388201-0":{
      "refId":"urn_ash00",
      "inventory":[{
          "refId":"ingred_bonemeal_01",
          "count":1,
          "charge":-1,
          "enchantmentCharge":-1,
          "soul":""
        }]
    },
    "0-1152":{
      "refId":"scamp",
      "location":{
        "posX":-4064.0971679688,
        "posZ":1829.1533203125,
        "posY":-1727.9997558594,
        "rotX":0,
        "rotY":0,
        "rotZ":2.9802322387695e-007
      },
      "stats":{
        "healthCurrent":45,
        "magickaCurrent":100,
        "healthModified":45,
        "fatigueBase":400,
        "fatigueModified":400,
        "healthBase":45,
        "magickaModified":100,
        "magickaBase":100,
        "fatigueCurrent":400
      }
    },
    "388190-0":{
      "refId":"urn_ash00",
      "inventory":[{
          "refId":"ingred_bonemeal_01",
          "count":1,
          "charge":-1,
          "enchantmentCharge":-1,
          "soul":""
        }]
    },
    "388198-0":{
      "refId":"urn_ash00",
      "inventory":[{
          "refId":"ingred_bonemeal_01",
          "count":1,
          "charge":-1,
          "enchantmentCharge":-1,
          "soul":""
        }]
    },
    "388195-0":{
      "refId":"urn_ash00",
      "inventory":[{
          "refId":"ingred_bonemeal_01",
          "count":1,
          "charge":-1,
          "enchantmentCharge":-1,
          "soul":""
        }]
    },
    "388203-0":{
      "refId":"urn_ash00",
      "inventory":[{
          "refId":"ingred_bonemeal_01",
          "count":1,
          "charge":-1,
          "enchantmentCharge":-1,
          "soul":""
        }]
    },
    "388188-0":{
      "refId":"urn_ash00",
      "inventory":[{
          "refId":"ingred_bonemeal_01",
          "count":1,
          "charge":-1,
          "enchantmentCharge":-1,
          "soul":""
        }]
    },
    "388221-0":{
      "refId":"sack_tomb_ingred",
      "inventory":[{
          "refId":"ingred_bittergreen_petals_01",
          "count":1,
          "charge":-1,
          "enchantmentCharge":-1,
          "soul":""
        },{
          "refId":"ingred_comberry_01",
          "count":1,
          "charge":-1,
          "enchantmentCharge":-1,
          "soul":""
        },{
          "refId":"ingred_ash_salts_01",
          "count":1,
          "charge":-1,
          "enchantmentCharge":-1,
          "soul":""
        },{
          "refId":"ingred_heather_01",
          "count":1,
          "charge":-1,
          "enchantmentCharge":-1,
          "soul":""
        }]
    },
    "388220-0":{
      "refId":"chest_tomb_small01",
      "inventory":[]
    },
    "388196-0":{
      "refId":"urn_ash00",
      "inventory":[{
          "refId":"ingred_bonemeal_01",
          "count":1,
          "charge":-1,
          "enchantmentCharge":-1,
          "soul":""
        }]
    },
    "388202-0":{
      "refId":"urn_ash00",
      "inventory":[{
          "refId":"ingred_bonemeal_01",
          "count":1,
          "charge":-1,
          "enchantmentCharge":-1,
          "soul":""
        }]
    },
    "388212-0":{
      "refId":"chest_tomb_small00",
      "inventory":[{
          "refId":"common_ring_02",
          "count":1,
          "charge":-1,
          "enchantmentCharge":-1,
          "soul":""
        }]
    },
    "388192-0":{
      "refId":"urn_ash00",
      "inventory":[{
          "refId":"ingred_bonemeal_01",
          "count":1,
          "charge":-1,
          "enchantmentCharge":-1,
          "soul":""
        }]
    },
    "388205-0":{
      "refId":"urn_ash00",
      "inventory":[{
          "refId":"ingred_bonemeal_01",