{
  "packets":{
    "actorList":["0-1156","0-1157","0-1158"],
    "ai":[],
    "cellChangeFrom":[],
    "cellChangeTo":[],
    "container":["397735-0","397736-0","397737-0","397738-0","397739-0","397740-0","397741-0","397742-0","397743-0","397744-0","397745-0","397746-0","397755-0","397760-0"],
    "death":[],
    "delete":[],
    "doorState":[],
    "equipment":[],
    "lock":[],
    "place":[],
    "position":["0-1156","0-1157","0-1158"],
    "scale":[],
    "spawn":["0-1156","0-1157","0-1158"],
    "state":[],
    "statsDynamic":["0-1156","0-1157","0-1158"],
    "trap":[]
  },
  "entry":{
    "creationTime":1547247917,
    "description":"Andules Ancestral Tomb"
  },
  "lastVisit":{
    "urm":1547247918
  },
  "recordLinks":[],
  "objectData":{
    "0-1156":{
      "refId":"scamp",
      "location":{
        "posX":-203.21273803711,
        "posZ":0.99999713897705,
        "posY":2340.6577148438,
        "rotX":0.012006028555334,
        "rotY":0,
        "rotZ":-0.82891011238098
      },
      "stats":{
        "healthCurrent":45,
        "magickaCurrent":100,
        "healthModified":45,
        "fatigueBase":400,
        "fatigueModified":400,
        "healthBase":45,
        "magickaModified":100,
        "magickaBase":100,
        "fatigueCurrent":400
      }
    },
    "397743-0":{
      "refId":"urn_ash00",
      "inventory":[{
          "refId":"ingred_bonemeal_01",
          "count":1,
          "charge":-1,
          "enchantmentCharge":-1,
          "soul":""
        }]
    },
    "0-1157":{
      "refId":"scamp",
      "location":{
        "posX":395.18273925781,
        "posZ":1.0000028610229,
        "posY":526.91955566406,
        "rotX":0,
        "rotY":0,
        "rotZ":-0.82891011238098
      },
      "stats":{
        "healthCurrent":45,
        "magickaCurrent":100,
        "healthModified":45,
        "fatigueBase":400,
        "fatigueModified":400,
        "healthBase":45,
        "magickaModified":100,
        "magickaBase":100,
        "fatigueCurrent":400
      }
    },
    "397735-0":{
      "refId":"urn_ash00",
      "inventory":[{
          "refId":"ingred_bonemeal_01",
          "count":1,
          "charge":-1,
          "enchantmentCharge":-1,
          "soul":""
        }]
    },
    "0-1158":{
      "refId":"scamp",
      "location":{
        "posX":593.31036376953,
        "posZ":4.9327759742737,
        "posY":2321.6357421875,
        "rotX":0,
        "rotY":0,
        "rotZ":0
      },
      "stats":{
        "healthCurrent":45,
        "magickaCurrent":100,
        "healthModified":45,
        "fatigueBase":400,
        "fatigueModified":400,
        "healthBase":45,
        "magickaModified":100,
        "magickaBase":100,
        "fatigueCurrent":400
      }
    },
    "397738-0":{
      "refId":"urn_ash00",
      "inventory":[{
          "refId":"ingred_bonemeal_01",
          "count":1,
          "charge":-1,
          "enchantmentCharge":-1,
          "soul":""
        }]
    },
    "397744-0":{
      "refId":"urn_ash00",
      "inventory":[{
          "refId":"ingred_bonemeal_01",
          "count":1,
          "charge":-1,
          "enchantmentCharge":-1,
          "soul":""
        }]
    },
    "397746-0":{
      "refId":"urn_ash00",
      "inventory":[{
          "refId":"ingred_bonemeal_01",
          "count":1,
          "charge":-1,
          "enchantmentCharge":-1,
          "soul":""
        }]
    },
    "397736-0":{
      "refId":"urn_ash00",
      "inventory":[{
          "refId":"ingred_bonemeal_01",
          "count":1,
          "charge":-1,
          "enchantmentCharge":-1,
          "soul":""
        }]
    },
    "397739-0":{
      "refId":"urn_ash00",
      "inventory":[{
          "refId":"ingred_bonemeal_01",
          "count":1,
          "charge":-1,
          "enchantmentCharge":-1,
          "soul":""
        }]
    },
    "397740-0":{
      "refId":"urn_ash00",
      "inventory":[{
          "refId":"ingred_bonemeal_01",
          "count":1,
          "charge":-1,
          "enchantmentCharge":-1,
          "soul":""
        }]
    },
    "397742-0":{
      "refId":"urn_ash00",
      "inventory":[{
          "refId":"ingred_bonemeal_01",
          "count":1,
          "charge":-1,
          "enchantmentCharge":-1,
          "soul":""
        }]
    },
    "397760-0":{
      "refId":"chest_tomb_small00",
      "inventory":[{
          "refId":"common_ring_05",
          "count":1,
          "charge":-1,
          "enchantmentCharge":-1,
          "soul":""
        }]
    },
    "397755-0":{
      "refId":"urn_ash00",
      "inventory":[{
          "refId":"ingred_bonemeal_01",
          "count":1,
          "charge":-1,
          "enchantmentCharge":-1,
          "soul":""
        }]
    },
    "397741-0":{
      "refId":"urn_ash00",
      "inventory":[{
          "refId":"ingred_bonemeal_01",
          "count":1,
          "charge":-1,
          "enchantmentCharge":-1,
          "soul":""
        }]
    },
    "397745-0":{
      "refId":"urn_ash00",
      "inventory":[{
          "refId":"ingred_bonemeal_01",
          "count":1,
          "charge":-1,
          "enchantmentCharge":-1,
          "soul":""
        }]
    },
    "397737-0":{
      "refId":"urn_ash00",
      "inventory":[{
          "refId":"ingred_bonemeal_01",
          "count":1,
          "charge":-1,
          "enchantmentCharge":-1,
          "soul":""
        }]
    }
  }
}