{
  "packets":{
    "actorList":["473377-0","473378-0","473379-0","473380-0","473381-0"],
    "ai":[],
    "cellChangeFrom":[],
    "cellChangeTo":[],
    "container":["409837-0","409838-0","409839-0","409840-0","409841-0","409842-0","409843-0","409844-0","409845-0","409846-0","409847-0","409848-0","409849-0","409850-0","409851-0","409874-0","409876-0","409879-0","409887-0","409889-0","473377-0","473378-0","473379-0","473380-0","473381-0"],
    "death":[],
    "delete":[],
    "doorState":[],
    "equipment":["473377-0","473378-0","473379-0","473380-0","473381-0"],
    "lock":[],
    "place":[],
    "position":["473377-0","473378-0","473379-0","473380-0","473381-0"],
    "scale":[],
    "spawn":[],
    "state":[],
    "statsDynamic":["473377-0","473378-0","473379-0","473380-0","473381-0"],
    "trap":[]
  },
  "entry":{
    "creationTime":1547247918,
    "description":"Aralen Ancestral Tomb"
  },
  "lastVisit":{
    "urm":1547247919
  },
  "recordLinks":[],
  "objectData":{
    "473379-0":{
      "refId":"aundae vampire 3",
      "location":{
        "posX":4565.8359375,
        "posZ":10913,
        "posY":2438.5688476563,
        "rotX":0,
        "rotY":0,
        "rotZ":0
      },
      "stats":{
        "healthCurrent":55,
        "magickaCurrent":245,
        "healthModified":55,
        "fatigueBase":236,
        "fatigueModified":236,
        "healthBase":55,
        "magickaModified":245,
        "magickaBase":245,
        "fatigueCurrent":236
      },
      "equipment":{
        "11":{
          "refId":"common_robe_02",
          "count":1,
          "charge":-1,
          "enchantmentCharge":-1
        },
        "12":{
          "refId":"common_ring_04",
          "count":1,
          "charge":-1,
          "enchantmentCharge":-1
        }
      },
      "inventory":[{
          "refId":"p_restore_willpower_b",
          "count":1,
          "charge":-1,
          "enchantmentCharge":-1,
          "soul":""
        },{
          "refId":"common_robe_02",
          "count":1,
          "charge":-1,
          "enchantmentCharge":-1,
          "soul":""
        },{
          "refId":"common_ring_04",
          "count":1,
          "charge":-1,
          "enchantmentCharge":-1,
          "soul":""
        }]
    },
    "409842-0":{
      "refId":"urn_ash00",
      "inventory":[{
          "refId":"ingred_bonemeal_01",
          "count":1,
          "charge":-1,
          "enchantmentCharge":-1,
          "soul":""
        }]
    },
    "409850-0":{
      "refId":"urn_ash00",
      "inventory":[{
          "refId":"ingred_bonemeal_01",
          "count":1,
          "charge":-1,
          "enchantmentCharge":-1,
          "soul":""
        }]
    },
    "409851-0":{
      "refId":"urn_ash00",
      "inventory":[{
          "refId":"ingred_bonemeal_01",
          "count":1,
          "charge":-1,
          "enchantmentCharge":-1,
          "soul":""
        }]
    },
    "409838-0":{
      "refId":"urn_ash00",
      "inventory":[{
          "refId":"ingred_bonemeal_01",
          "count":1,
          "charge":-1,
          "enchantmentCharge":-1,
          "soul":""
        }]
    },
    "409887-0":{
      "refId":"chest_tomb_large02",
      "inventory":[]
    },
    "409879-0":{
      "refId":"chest_tomb_small00",
      "inventory":[]
    },
    "473381-0":{
      "refId":"aundae vampire 5",
      "location":{
        "posX":2967.2944335938,
        "posZ":10913,
        "posY":3213.0988769531,
        "rotX":0,
        "rotY":0,
        "rotZ":0
      },
      "stats":{
        "healthCurrent":75,
        "magickaCurrent":88,
        "healthModified":75,
        "fatigueBase":249,
        "fatigueModified":249,
        "healthBase":75,
        "magickaModified":88,
        "magickaBase":88,
        "fatigueCurrent":249
      },
      "equipment":{
        "2":{
          "refId":"bonemold_greaves",
          "count":1,
          "charge":-1,
          "enchantmentCharge":-1
        },
        "7":{
          "refId":"common_shoes_02",
          "count":1,
          "charge":-1,
          "enchantmentCharge":-1
        },
        "16":{
          "refId":"iron broadsword",
          "count":1,
          "charge":-1,
          "enchantmentCharge":-1
        },
        "9":{
          "refId":"common_pants_04",
          "count":1,
          "charge":-1,
          "enchantmentCharge":-1
        }
      },
      "inventory":[{
          "refId":"bonemold_greaves",
          "count":1,
          "charge":-1,
          "enchantmentCharge":-1,
          "soul":""
        },{
          "refId":"common_shoes_02",
          "count":1,
          "charge":-1,
          "enchantmentCharge":-1,
          "soul":""
        },{
          "refId":"common_pants_04",
          "count":1,
          "charge":-1,
          "enchantmentCharge":-1,
          "soul":""
        },{
          "refId":"gold_001",
          "count":1,
          "charge":-1,
          "enchantmentCharge":-1,
          "soul":""
        },{
          "refId":"iron broadsword",
          "count":1,
          "charge":-1,
          "enchantmentCharge":-1,
          "soul":""
        }]
    },
    "409845-0":{
      "refId":"urn_ash00",
      "inventory":[{
          "refId":"ingred_bonemeal_01",
          "count":1,
          "charge":-1,
          "enchantmentCharge":-1,
          "soul":""
        }]
    },
    "473377-0":{
      "refId":"aundae vampire 1",
      "location":{
        "posX":4611.3203125,
        "posZ":10913,
        "posY":4097.6967773438,
        "rotX":0,
        "rotY":0,
        "rotZ":0
      },
      "stats":{
        "healthCurrent":50,
        "magickaCurrent":114,
        "healthModified":50,
        "fatigueBase":235,
        "fatigueModified":235,
        "healthBase":50,
        "magickaModified":114,
        "magickaBase":114,
        "fatigueCurrent":235
      },
      "equipment":{
        "11":{
          "refId":"common_robe_02_t",
          "count":1,
          "charge":-1,
          "enchantmentCharge":-1
        }
      },
      "inventory":[{
          "refId":"common_robe_02_t",
          "count":1,
          "charge":-1,
          "enchantmentCharge":-1,
          "soul":""
        },{
          "refId":"gold_001",
          "count":1,
          "charge":-1,
          "enchantmentCharge":-1,
          "soul":""
        }]
    },
    "473378-0":{
      "refId":"aundae vampire 2",
      "location":{
        "posX":4531.498046875,
        "posZ":10913,
        "posY":3434.6879882813,
        "rotX":0,
        "rotY":0,
        "rotZ":-1.5910012722015
      },
      "stats":{
        "healthCurrent":71,
        "magickaCurrent":98,
        "healthModified":71,
        "fatigueBase":279,
        "fatigueModified":279,
        "healthBase":71,
        "magickaModified":98,
        "magickaBase":98,
        "fatigueCurrent":279
      },
      "equipment":{
        "1":{
          "refId":"iron_cuirass",
          "count":1,
          "charge":-1,
          "enchantmentCharge":-1
        },
        "5":{
          "refId":"iron_bracer_left",
          "count":1,
          "charge":-1,
          "enchantmentCharge":-1
        },
        "7":{
          "refId":"common_shoes_05",
          "count":1,
          "charge":-1,
          "enchantmentCharge":-1
        },
        "8":{
          "refId":"common_shirt_05",
          "count":1,
          "charge":-1,
          "enchantmentCharge":-1
        },
        "9":{
          "refId":"common_pants_05",
          "count":1,
          "charge":-1,
          "enchantmentCharge":-1
        },
        "16":{
          "refId":"iron war axe",
          "count":1,
          "charge":-1,
          "enchantmentCharge":-1
        }
      },
      "inventory":[{
          "refId":"iron_bracer_left",
          "count":1,
          "charge":-1,
          "enchantmentCharge":-1,
          "soul":""
        },{
          "refId":"iron_cuirass",
          "count":1,
          "charge":-1,
          "enchantmentCharge":-1,