{
  "packets":{
    "actorList":["0-1167","0-1168","0-1169","0-1170","391529-0"],
    "ai":[],
    "cellChangeFrom":[],
    "cellChangeTo":[],
    "container":["391557-0","391558-0","391559-0","391560-0","391561-0","391562-0","391563-0","391564-0","391565-0","391566-0","391567-0","391568-0","391569-0","391570-0","391571-0","391572-0","391573-0","391574-0","391575-0","391576-0","391577-0","391578-0","391579-0","391580-0","391581-0","391603-0","391605-0","391613-0","391615-0","391619-0","391620-0","391625-0","391629-0","391529-0"],
    "death":[],
    "delete":[],
    "doorState":[],
    "equipment":["391529-0","0-1170"],
    "lock":[],
    "place":[],
    "position":["391529-0","0-1167","0-1168","0-1169","0-1170"],
    "scale":[],
    "spawn":["0-1167","0-1168","0-1169","0-1170"],
    "state":[],
    "statsDynamic":["391529-0","0-1167","0-1168","0-1169","0-1170"],
    "trap":[]
  },
  "entry":{
    "creationTime":1547247920,
    "description":"Arenim Ancestral Tomb"
  },
  "lastVisit":{
    "urm":1547247921
  },
  "recordLinks":[],
  "objectData":{
    "0-1170":{
      "refId":"skeleton",
      "location":{
        "posX":-2105.7238769531,
        "posZ":-799,
        "posY":2081.7731933594,
        "rotX":0,
        "rotY":0,
        "rotZ":0.54998421669006
      },
      "stats":{
        "healthCurrent":38,
        "magickaCurrent":30,
        "healthModified":38,
        "fatigueBase":1000,
        "fatigueModified":1000,
        "healthBase":38,
        "magickaModified":30,
        "magickaBase":30,
        "fatigueCurrent":1000
      },
      "equipment":{
        "17":{
          "refId":"iron_shield",
          "count":1,
          "charge":-1,
          "enchantmentCharge":-1
        }
      }
    },
    "391559-0":{
      "refId":"urn_ash00",
      "inventory":[{
          "refId":"ingred_bonemeal_01",
          "count":1,
          "charge":-1,
          "enchantmentCharge":-1,
          "soul":""
        }]
    },
    "391564-0":{
      "refId":"urn_ash00",
      "inventory":[{
          "refId":"ingred_bonemeal_01",
          "count":1,
          "charge":-1,
          "enchantmentCharge":-1,
          "soul":""
        }]
    },
    "0-1169":{
      "refId":"ancestor_ghost",
      "location":{
        "posX":-347.32534790039,
        "posZ":-536.38800048828,
        "posY":510.64254760742,
        "rotX":0,
        "rotY":0,
        "rotZ":0
      },
      "stats":{
        "healthCurrent":23,
        "magickaCurrent":400,
        "healthModified":23,
        "fatigueBase":400,
        "fatigueModified":400,
        "healthBase":23,
        "magickaModified":400,
        "magickaBase":400,
        "fatigueCurrent":400
      }
    },
    "391573-0":{
      "refId":"urn_ash00",
      "inventory":[{
          "refId":"ingred_bonemeal_01",
          "count":1,
          "charge":-1,
          "enchantmentCharge":-1,
          "soul":""
        }]
    },
    "391566-0":{
      "refId":"urn_ash00",
      "inventory":[{
          "refId":"ingred_bonemeal_01",
          "count":1,
          "charge":-1,
          "enchantmentCharge":-1,
          "soul":""
        }]
    },
    "391574-0":{
      "refId":"urn_ash00",
      "inventory":[{
          "refId":"ingred_bonemeal_01",
          "count":1,
          "charge":-1,
          "enchantmentCharge":-1,
          "soul":""
        }]
    },
    "391569-0":{
      "refId":"urn_ash00",
      "inventory":[{
          "refId":"ingred_bonemeal_01",
          "count":1,
          "charge":-1,
          "enchantmentCharge":-1,
          "soul":""
        }]
    },
    "391619-0":{
      "refId":"sack_tomb_ingred",
      "inventory":[{
          "refId":"ingred_bittergreen_petals_01",
          "count":1,
          "charge":-1,
          "enchantmentCharge":-1,
          "soul":""
        },{
          "refId":"ingred_comberry_01",
          "count":1,
          "charge":-1,
          "enchantmentCharge":-1,
          "soul":""
        },{
          "refId":"ingred_ash_salts_01",
          "count":1,
          "charge":-1,
          "enchantmentCharge":-1,
          "soul":""
        },{
          "refId":"ingred_heather_01",
          "count":1,
          "charge":-1,
          "enchantmentCharge":-1,
          "soul":""
        }]
    },
    "391571-0":{
      "refId":"urn_ash00",
      "inventory":[{
          "refId":"ingred_bonemeal_01",
          "count":1,
          "charge":-1,
          "enchantmentCharge":-1,
          "soul":""
        }]
    },
    "391568-0":{
      "refId":"urn_ash00",
      "inventory":[{
          "refId":"ingred_bonemeal_01",
          "count":1,
          "charge":-1,
          "enchantmentCharge":-1,
          "soul":""
        }]
    },
    "391572-0":{
      "refId":"urn_ash00",
      "inventory":[{
          "refId":"ingred_bonemeal_01",
          "count":1,
          "charge":-1,
          "enchantmentCharge":-1,
          "soul":""
        }]
    },
    "391620-0":{
      "refId":"chest_tomb_large01",
      "inventory":[{
          "refId":"iron saber",
          "count":1,
          "charge":-1,
          "enchantmentCharge":-1,
          "soul":""
        },{
          "refId":"chitin shortsword",
          "count":1,
          "charge":-1,
          "enchantmentCharge":-1,
          "soul":""
        }]
    },
    "391629-0":{
      "refId":"contain_corpse_arenim00",
      "inventory":[{
          "refId":"amulet_agustas_unique",
          "count":1,
          "charge":-1,
          "enchantmentCharge":-1,
          "soul":""
        },{
          "refId":"ingred_bonemeal_01",
          "count":1,
          "charge":-1,
          "enchantmentCharge":-1,
          "soul":""
        },{
          "refId":"gold_001",
          "count":5,
          "charge":-1,
          "enchantmentCharge":-1,
          "soul":""
        }]
    },
    "391578-0":{
      "refId":"urn_ash00",
      "inventory":[{
          "refId":"ingred_bonemeal_01",
          "count":1,
          "charge":-1,
          "enchantmentCharge":-1,
          "soul":""
        }]
    },
    "391562-0":{
      "refId":"urn_ash00",
      "inventory":[{
          "refId":"ingred_bonemeal_01",
          "count":1,
          "charge":-1,
          "enchantmentCharge":-1,
          "soul":""
        }]
    },
    "391603-0":{
      "refId":"chest_tomb_small00",
      "inventory":[]
    },
    "391613-0":{
      "refId":"chest_tomb_large00",
      "inventory":[{
          "refId":"common_ring_05",
          "count":1,
          "charge":-1,
          "enchantmentCharge":-1,
          "soul":""
        }]
    },
    "391625-0":{
      "refId":"contain_corpse20",
      "inventory":[{
          "refId":"ingred_bonemeal_01",
          "count":1,
          "charge":-1,
          "enchantmentCharge":-1,
          "soul":""
        }]
    },
    "391615-0":{
      "refId":"sack_tomb_ingred",
      "inventory":[{
          "refId":"ingred_bittergreen_petals_01",
          "count":1,
          "charge":-1,
          "enchantmentCharge":-1,
          "soul":""
        },{
          "refId":"ingred_comberry_01",
          "count":1,
          "charge":-1,
          "enchantmentCharge":-1,
          "soul":""
        },{
          "refId":"ingred_ash_salts_01",
          "count":1,
          "charge":-1,
          "enchantmentCharge":-1,
          "soul":""
        },{
          "refId":"ingred_heather_01",
          "count":1,
          "charge":-1,
          "enchantmentCharge":-1,
          "soul":""
        }]
    },
    "391560-0":{
      "refId":"urn_ash00",
      "inventory":[{
          "refId":"ingred_bonemeal_01",
          "count":1,
          "charge":-1,
          "enchantmentCharge":-1,
          "soul":""
        }]
    },
    "391605-0":{
      "refId":"chest_tomb_large02",
      "inventory":[]
    },
    "391570-0":{
      "refId":"urn_ash00",
      "inventory":[{
          "refId":"ingred_bonemeal_01",
          "count":1,
          "charge":-1,
          "enchantmentCharge":-1,