{
  "packets":{
    "actorList":["0-1247","0-1248","0-1249","250617-0","389662-0","467995-0","32426-0","32451-0"],
    "ai":[],
    "cellChangeFrom":[],
    "cellChangeTo":[],
    "container":["250622-0","250623-0","334563-0","334564-0","334565-0","334566-0","334568-0","334569-0","334570-0","334572-0","334574-0","334575-0","334576-0","334577-0","334578-0","334579-0","334582-0","334583-0","334584-0","334585-0","334590-0","334591-0","334592-0","334593-0","389669-0","389678-0","389679-0","477541-0","250617-0","389662-0","467995-0","32426-0","32451-0"],
    "death":[],
    "delete":[],
    "doorState":[],
    "equipment":["250617-0","389662-0","467995-0","0-1247","0-1249"],
    "lock":[],
    "place":[],
    "position":["250617-0","32426-0","32451-0","389662-0","467995-0","0-1247","0-1248","0-1249"],
    "scale":[],
    "spawn":["0-1247","0-1248","0-1249"],
    "state":[],
    "statsDynamic":["250617-0","32426-0","32451-0","389662-0","467995-0","0-1247","0-1248","0-1249"],
    "trap":[]
  },
  "entry":{
    "creationTime":1547247972,
    "description":"Berandas, Underground"
  },
  "lastVisit":{
    "urm":1547247972
  },
  "recordLinks":[],
  "objectData":{
    "467995-0":{
      "refId":"warrior dead 01",
      "location":{
        "posX":-4717.646484375,
        "posZ":-2015.8863525391,
        "posY":5814.8095703125,
        "rotX":0,
        "rotY":0,
        "rotZ":0
      },
      "stats":{
        "healthCurrent":0,
        "magickaCurrent":32,
        "healthModified":0,
        "fatigueBase":351,
        "fatigueModified":351,
        "healthBase":0,
        "magickaModified":32,
        "magickaBase":32,
        "fatigueCurrent":351
      },
      "equipment":{
        "0":{
          "refId":"imperial_chain_coif_helm",
          "count":1,
          "charge":-1,
          "enchantmentCharge":-1
        },
        "1":{
          "refId":"imperial_chain_cuirass",
          "count":1,
          "charge":-1,
          "enchantmentCharge":-1
        },
        "2":{
          "refId":"imperial_chain_greaves",
          "count":1,
          "charge":-1,
          "enchantmentCharge":-1
        },
        "3":{
          "refId":"imperial_chain_pauldron_left",
          "count":1,
          "charge":-1,
          "enchantmentCharge":-1
        },
        "4":{
          "refId":"imperial_chain_pauldron_right",
          "count":1,
          "charge":-1,
          "enchantmentCharge":-1
        },
        "7":{
          "refId":"boots_apostle_unique",
          "count":1,
          "charge":-1,
          "enchantmentCharge":-1
        },
        "16":{
          "refId":"dreugh staff",
          "count":1,
          "charge":-1,
          "enchantmentCharge":-1
        }
      },
      "inventory":[{
          "refId":"p_restore_agility_e",
          "count":1,
          "charge":-1,
          "enchantmentCharge":-1,
          "soul":""
        },{
          "refId":"boots_apostle_unique",
          "count":1,
          "charge":-1,
          "enchantmentCharge":-1,
          "soul":""
        },{
          "refId":"imperial_chain_greaves",
          "count":1,
          "charge":-1,
          "enchantmentCharge":-1,
          "soul":""
        },{
          "refId":"imperial_chain_pauldron_right",
          "count":1,
          "charge":-1,
          "enchantmentCharge":-1,
          "soul":""
        },{
          "refId":"imperial_chain_pauldron_left",
          "count":1,
          "charge":-1,
          "enchantmentCharge":-1,
          "soul":""
        },{
          "refId":"imperial_chain_cuirass",
          "count":1,
          "charge":-1,
          "enchantmentCharge":-1,
          "soul":""
        },{
          "refId":"imperial_chain_coif_helm",
          "count":1,
          "charge":-1,
          "enchantmentCharge":-1,
          "soul":""
        },{
          "refId":"gold_001",
          "count":25,
          "charge":-1,
          "enchantmentCharge":-1,
          "soul":""
        },{
          "refId":"dreugh staff",
          "count":1,
          "charge":-1,
          "enchantmentCharge":-1,
          "soul":""
        }]
    },
    "334570-0":{
      "refId":"flora_bc_mushroom_08",
      "inventory":[{
          "refId":"ingred_coprinus_01",
          "count":2,
          "charge":-1,
          "enchantmentCharge":-1,
          "soul":""
        }]
    },
    "334578-0":{
      "refId":"flora_bc_mushroom_08",
      "inventory":[{
          "refId":"ingred_coprinus_01",
          "count":2,
          "charge":-1,
          "enchantmentCharge":-1,
          "soul":""
        }]
    },
    "389662-0":{
      "refId":"ama nin_disguisemara",
      "location":{
        "posX":-5246.14453125,
        "posZ":-84.434707641602,
        "posY":5955.9794921875,
        "rotX":0,
        "rotY":0,
        "rotZ":1.7000007629395
      },
      "stats":{
        "healthCurrent":30,
        "magickaCurrent":125,
        "healthModified":30,
        "fatigueBase":150,
        "fatigueModified":150,
        "healthBase":30,
        "magickaModified":125,
        "magickaBase":125,
        "fatigueCurrent":150
      },
      "equipment":[null,null,null,null,null,null,null,{
          "refId":"common_shirt_04",
          "count":1,
          "charge":-1,
          "enchantmentCharge":-1
        },null,{
          "refId":"common_skirt_03",
          "count":1,
          "charge":-1,
          "enchantmentCharge":-1
        }],
      "inventory":[{
          "refId":"common_skirt_03",
          "count":1,
          "charge":-1,
          "enchantmentCharge":-1,
          "soul":""
        },{
          "refId":"common_shirt_04",
          "count":1,
          "charge":-1,
          "enchantmentCharge":-1,
          "soul":""
        }]
    },
    "334569-0":{
      "refId":"flora_bc_mushroom_07",
      "inventory":[{
          "refId":"ingred_coprinus_01",
          "count":1,
          "charge":-1,
          "enchantmentCharge":-1,
          "soul":""
        }]
    },
    "334585-0":{
      "refId":"flora_bc_mushroom_07",
      "inventory":[{
          "refId":"ingred_coprinus_01",
          "count":1,
          "charge":-1,
          "enchantmentCharge":-1,
          "soul":""
        }]
    },
    "334565-0":{
      "refId":"flora_bc_mushroom_03",
      "inventory":[{
          "refId":"ingred_russula_01",
          "count":1,
          "charge":-1,
          "enchantmentCharge":-1,
          "soul":""
        }]
    },
    "477541-0":{
      "refId":"crate_02_torch",
      "inventory":[{
          "refId":"torch",
          "count":7,
          "charge":-1,
          "enchantmentCharge":-1,
          "soul":""
        }]
    },
    "334563-0":{
      "refId":"flora_bc_mushroom_01",
      "inventory":[]
    },
    "250622-0":{
      "refId":"com_chest_02_l_weap_01",
      "inventory":[{
          "refId":"chitin war axe",
          "count":1,
          "charge":-1,
          "enchantmentCharge":-1,
          "soul":""
        }]
    },
    "334579-0":{
      "refId":"flora_bc_mushroom_02",
      "inventory":[{
          "refId":"ingred_russula_01",
          "count":2,
          "charge":-1,
          "enchantmentCharge":-1,
          "soul":""
        }]
    },
    "334582-0":{
      "refId":"flora_bc_mushroom_04",
      "inventory":[{
          "refId":"ingred_russula_01",
          "count":2,
          "charge":-1,
          "enchantmentCharge":-1,
          "soul":""
        }]
    },
    "389679-0":{
      "refId":"com_chest_11_vault",
      "inventory":[{
          "refId":"exquisite_belt_01",
          "count":1,
          "charge":-1,
          "enchantmentCharge":-1,
          "soul":""
        },{
          "refId":"exquisite_ring_02",
          "count":1,
          "charge":-1,
          "enchantmentCharge":-1,
          "soul":""
        },{
          "refId":"ingred_pearl_01",
          "count":1,
          "charge":-1,
          "enchantmentCharge":-1,
          "soul":""
        },{
          "refId":"ingred_emerald_01",