{
  "packets":{
    "actorList":["0-1253","0-1254","0-1255","0-1256","0-1257","0-1258","414189-0","205434-0","205435-0","205436-0","205437-0","205438-0","205439-0"],
    "ai":[],
    "cellChangeFrom":[],
    "cellChangeTo":[],
    "container":["205536-0","205537-0","205663-0","205671-0","205672-0","414189-0","205434-0","205435-0","205436-0","205437-0","205438-0","205439-0"],
    "death":[],
    "delete":[],
    "doorState":[],
    "equipment":["414189-0"],
    "lock":[],
    "place":[],
    "position":["205434-0","205435-0","205436-0","205437-0","205438-0","205439-0","414189-0","0-1253","0-1254","0-1255","0-1256","0-1257","0-1258"],
    "scale":[],
    "spawn":["0-1253","0-1254","0-1255","0-1256","0-1257","0-1258"],
    "state":[],
    "statsDynamic":["205434-0","205435-0","205436-0","205437-0","205438-0","205439-0","414189-0","0-1253","0-1254","0-1255","0-1256","0-1257","0-1258"],
    "trap":[]
  },
  "entry":{
    "creationTime":1547247974,
    "description":"Bthuand"
  },
  "lastVisit":{
    "urm":1547247974
  },
  "recordLinks":[],
  "objectData":{
    "205435-0":{
      "refId":"dead_scrib",
      "location":{
        "posX":878.43615722656,
        "posZ":-415,
        "posY":-408.54937744141,
        "rotX":0,
        "rotY":0,
        "rotZ":0
      },
      "stats":{
        "healthCurrent":0,
        "magickaCurrent":10,
        "healthModified":0,
        "fatigueBase":100,
        "fatigueModified":100,
        "healthBase":0,
        "magickaModified":10,
        "magickaBase":10,
        "fatigueCurrent":100
      },
      "inventory":[]
    },
    "0-1257":{
      "refId":"centurion_spider",
      "location":{
        "posX":-762.29077148438,
        "posZ":-223.01150512695,
        "posY":782.58386230469,
        "rotX":0,
        "rotY":0,
        "rotZ":0
      },
      "stats":{
        "healthCurrent":38,
        "magickaCurrent":20,
        "healthModified":38,
        "fatigueBase":400,
        "fatigueModified":400,
        "healthBase":38,
        "magickaModified":20,
        "magickaBase":20,
        "fatigueCurrent":400
      }
    },
    "205537-0":{
      "refId":"dwrv_barrel10",
      "inventory":[{
          "refId":"ingred_ruby_01",
          "count":1,
          "charge":-1,
          "enchantmentCharge":-1,
          "soul":""
        }]
    },
    "0-1255":{
      "refId":"centurion_spider",
      "location":{
        "posX":416.86965942383,
        "posZ":-207.58421325684,
        "posY":919.61730957031,
        "rotX":0,
        "rotY":0,
        "rotZ":0
      },
      "stats":{
        "healthCurrent":38,
        "magickaCurrent":20,
        "healthModified":38,
        "fatigueBase":400,
        "fatigueModified":400,
        "healthBase":38,
        "magickaModified":20,
        "magickaBase":20,
        "fatigueCurrent":400
      }
    },
    "0-1254":{
      "refId":"scrib",
      "location":{
        "posX":2107.19921875,
        "posZ":-408.40090942383,
        "posY":-487.86380004883,
        "rotX":0,
        "rotY":0,
        "rotZ":0
      },
      "stats":{
        "healthCurrent":8,
        "magickaCurrent":12,
        "healthModified":8,
        "fatigueBase":300,
        "fatigueModified":300,
        "healthBase":8,
        "magickaModified":12,
        "magickaBase":12,
        "fatigueCurrent":300
      }
    },
    "205438-0":{
      "refId":"dead_scrib",
      "location":{
        "posX":483.23858642578,
        "posZ":-223,
        "posY":1074.4838867188,
        "rotX":0,
        "rotY":0,
        "rotZ":0.78539818525314
      },
      "stats":{
        "healthCurrent":0,
        "magickaCurrent":10,
        "healthModified":0,
        "fatigueBase":100,
        "fatigueModified":100,
        "healthBase":0,
        "magickaModified":10,
        "magickaBase":10,
        "fatigueCurrent":100
      },
      "inventory":[{
          "refId":"ingred_scrib_jelly_01",
          "count":1,
          "charge":-1,
          "enchantmentCharge":-1,
          "soul":""
        }]
    },
    "0-1253":{
      "refId":"scrib",
      "location":{
        "posX":1274.5864257813,
        "posZ":-408.40090942383,
        "posY":373.49136352539,
        "rotX":0,
        "rotY":0,
        "rotZ":0
      },
      "stats":{
        "healthCurrent":8,
        "magickaCurrent":12,
        "healthModified":8,
        "fatigueBase":300,
        "fatigueModified":300,
        "healthBase":8,
        "magickaModified":12,
        "magickaBase":12,
        "fatigueCurrent":300
      }
    },
    "205536-0":{
      "refId":"dwrv_barrel00",
      "inventory":[{
          "refId":"ingred_scrap_metal_01",
          "count":1,
          "charge":-1,
          "enchantmentCharge":-1,
          "soul":""
        },{
          "refId":"ingred_raw_glass_01",
          "count":1,
          "charge":-1,
          "enchantmentCharge":-1,
          "soul":""
        }]
    },
    "205434-0":{
      "refId":"dead_scrib",
      "location":{
        "posX":-43.962432861328,
        "posZ":-223,
        "posY":1024.4241943359,
        "rotX":0,
        "rotY":0,
        "rotZ":5.4977874755859
      },
      "stats":{
        "healthCurrent":0,
        "magickaCurrent":10,
        "healthModified":0,
        "fatigueBase":100,
        "fatigueModified":100,
        "healthBase":0,
        "magickaModified":10,
        "magickaBase":10,
        "fatigueCurrent":100
      },
      "inventory":[]
    },
    "205437-0":{
      "refId":"dead_scrib",
      "location":{
        "posX":107.92291259766,
        "posZ":-223,
        "posY":1204.6540527344,
        "rotX":0,
        "rotY":0,
        "rotZ":0.78539818525314
      },
      "stats":{
        "healthCurrent":0,
        "magickaCurrent":10,
        "healthModified":0,
        "fatigueBase":100,
        "fatigueModified":100,
        "healthBase":0,
        "magickaModified":10,
        "magickaBase":10,
        "fatigueCurrent":100
      },
      "inventory":[{
          "refId":"ingred_scrib_jelly_01",
          "count":1,
          "charge":-1,
          "enchantmentCharge":-1,
          "soul":""
        }]
    },
    "0-1256":{
      "refId":"centurion_spider",
      "location":{
        "posX":936.91564941406,
        "posZ":-408.14767456055,
        "posY":1137.5509033203,
        "rotX":0,
        "rotY":0,
        "rotZ":0
      },
      "stats":{
        "healthCurrent":38,
        "magickaCurrent":20,
        "healthModified":38,
        "fatigueBase":400,
        "fatigueModified":400,
        "healthBase":38,
        "magickaModified":20,
        "magickaBase":20,
        "fatigueCurrent":400
      }
    },
    "205663-0":{
      "refId":"dwrv_closet00",
      "inventory":[{
          "refId":"ingred_raw_ebony_01",
          "count":1,
          "charge":-1,
          "enchantmentCharge":-1,
          "soul":""
        }]
    },
    "205439-0":{
      "refId":"dead_scrib",
      "location":{
        "posX":359.74334716797,
        "posZ":-223,
        "posY":1144.3210449219,
        "rotX":0,
        "rotY":0,
        "rotZ":5.4977874755859
      },
      "stats":{
        "healthCurrent":0,
        "magickaCurrent":10,
        "healthModified":0,
        "fatigueBase":100,
        "fatigueModified":100,
        "healthBase":0,
        "magickaModified":10,
        "magickaBase":10,
        "fatigueCurrent":100
      },
      "inventory":[]
    },
    "205672-0":{
      "refId":"dwrv_chest00_common",
      "inventory":[{
          "refId":"misc_dwrv_coin00",
          "count":11,
          "charge":-1,
          "enchantmentCharge":-1,
          "soul":""
        },{
          "refId":"dwarven battle axe",
          "count":1,
          "charge":-1,
          "enchantmentCharge":-1,
          "soul":""
        }]
    },
    "205671-0":{
      "refId":"dwrv_chest10_rare",
      "inventory":[{
          "refId":"dwemer_boots",
          "count":1,
          "charge":-1,
          "enchantmentCharge":-1,
          "soul":""
        },{
          "refId":"misc_dwrv_coin00",