{
  "packets":{
    "actorList":["103177-0","379749-0","386678-0","386679-0","386680-0","386681-0"],
    "ai":[],
    "cellChangeFrom":[],
    "cellChangeTo":[],
    "container":["257752-0","257753-0","257754-0","257755-0","364492-0","364493-0","364494-0","364495-0","364496-0","364497-0","364498-0","364499-0","364500-0","364501-0","364502-0","103177-0","379749-0","386678-0","386679-0","386680-0","386681-0"],
    "death":[],
    "delete":[],
    "doorState":[],
    "equipment":["103177-0","379749-0"],
    "lock":[],
    "place":[],
    "position":["103177-0","379749-0","386678-0","386679-0","386680-0","386681-0"],
    "scale":[],
    "spawn":[],
    "state":[],
    "statsDynamic":["103177-0","379749-0","386678-0","386679-0","386680-0","386681-0"],
    "trap":[]
  },
  "entry":{
    "creationTime":1547247992,
    "description":"Corprusarium"
  },
  "lastVisit":{
    "urm":1547247992
  },
  "recordLinks":[],
  "objectData":{
    "386680-0":{
      "refId":"corprus_stalker_fyr02",
      "location":{
        "posX":3378.89453125,
        "posZ":22.385036468506,
        "posY":2194.1452636719,
        "rotX":-0.15131030976772,
        "rotY":0,
        "rotZ":2.5778543949127
      },
      "stats":{
        "healthCurrent":60,
        "magickaCurrent":50,
        "healthModified":60,
        "fatigueBase":300,
        "fatigueModified":300,
        "healthBase":60,
        "magickaModified":50,
        "magickaBase":50,
        "fatigueCurrent":300
      },
      "inventory":[{
          "refId":"ingred_corprus_weepings_01",
          "count":1,
          "charge":-1,
          "enchantmentCharge":-1,
          "soul":""
        }]
    },
    "364501-0":{
      "refId":"flora_bc_mushroom_05",
      "inventory":[]
    },
    "364500-0":{
      "refId":"flora_bc_mushroom_03",
      "inventory":[{
          "refId":"ingred_russula_01",
          "count":1,
          "charge":-1,
          "enchantmentCharge":-1,
          "soul":""
        }]
    },
    "386679-0":{
      "refId":"corprus_lame_fyr02",
      "location":{
        "posX":-4561.3203125,
        "posZ":408.54742431641,
        "posY":2303.5993652344,
        "rotX":-0.021381843835115,
        "rotY":0,
        "rotZ":0.22165989875793
      },
      "stats":{
        "healthCurrent":90,
        "magickaCurrent":160,
        "healthModified":90,
        "fatigueBase":167,
        "fatigueModified":167,
        "healthBase":90,
        "magickaModified":160,
        "magickaBase":160,
        "fatigueCurrent":167
      },
      "inventory":[{
          "refId":"ingred_corprus_weepings_01",
          "count":1,
          "charge":-1,
          "enchantmentCharge":-1,
          "soul":""
        }]
    },
    "379749-0":{
      "refId":"skeleton hero dead",
      "location":{
        "posX":2419.0590820313,
        "posZ":24.96520614624,
        "posY":3314.0993652344,
        "rotX":0,
        "rotY":0,
        "rotZ":0
      },
      "stats":{
        "healthCurrent":0,
        "magickaCurrent":30,
        "healthModified":0,
        "fatigueBase":400,
        "fatigueModified":400,
        "healthBase":0,
        "magickaModified":30,
        "magickaBase":30,
        "fatigueCurrent":400
      },
      "equipment":[],
      "inventory":[{
          "refId":"ingred_bonemeal_01",
          "count":2,
          "charge":-1,
          "enchantmentCharge":-1,
          "soul":""
        },{
          "refId":"gold_001",
          "count":5,
          "charge":-1,
          "enchantmentCharge":-1,
          "soul":""
        },{
          "refId":"iron wakizashi",
          "count":1,
          "charge":-1,
          "enchantmentCharge":-1,
          "soul":""
        }]
    },
    "364497-0":{
      "refId":"flora_bc_mushroom_05",
      "inventory":[{
          "refId":"ingred_russula_01",
          "count":1,
          "charge":-1,
          "enchantmentCharge":-1,
          "soul":""
        }]
    },
    "364492-0":{
      "refId":"flora_bc_mushroom_01",
      "inventory":[{
          "refId":"ingred_russula_01",
          "count":1,
          "charge":-1,
          "enchantmentCharge":-1,
          "soul":""
        }]
    },
    "257752-0":{
      "refId":"dwrv_chest_divayth01",
      "inventory":[{
          "refId":"misc_dwrv_coin00",
          "count":2,
          "charge":-1,
          "enchantmentCharge":-1,
          "soul":""
        },{
          "refId":"key_divayth02",
          "count":1,
          "charge":-1,
          "enchantmentCharge":-1,
          "soul":""
        }]
    },
    "257753-0":{
      "refId":"dwrv_chest_divayth00",
      "inventory":[{
          "refId":"misc_dwrv_goblet10",
          "count":1,
          "charge":-1,
          "enchantmentCharge":-1,
          "soul":""
        },{
          "refId":"key_divayth01",
          "count":1,
          "charge":-1,
          "enchantmentCharge":-1,
          "soul":""
        }]
    },
    "364494-0":{
      "refId":"flora_bc_mushroom_05",
      "inventory":[{
          "refId":"ingred_russula_01",
          "count":1,
          "charge":-1,
          "enchantmentCharge":-1,
          "soul":""
        }]
    },
    "103177-0":{
      "refId":"vistha_kai",
      "location":{
        "posX":3.8126573562622,
        "posZ":141.6812286377,
        "posY":-130.18731689453,
        "rotX":0,
        "rotY":0,
        "rotZ":2.3561944961548
      },
      "stats":{
        "healthCurrent":164,
        "magickaCurrent":118,
        "healthModified":164,
        "fatigueBase":284,
        "fatigueModified":284,
        "healthBase":164,
        "magickaModified":118,
        "magickaBase":118,
        "fatigueCurrent":284
      },
      "equipment":{
        "1":{
          "refId":"steel_cuirass",
          "count":1,
          "charge":-1,
          "enchantmentCharge":-1
        },
        "3":{
          "refId":"steel_pauldron_left",
          "count":1,
          "charge":-1,
          "enchantmentCharge":-1
        },
        "4":{
          "refId":"steel_pauldron_right",
          "count":1,
          "charge":-1,
          "enchantmentCharge":-1
        },
        "5":{
          "refId":"steel_gauntlet_left",
          "count":1,
          "charge":-1,
          "enchantmentCharge":-1
        },
        "6":{
          "refId":"steel_gauntlet_right",
          "count":1,
          "charge":-1,
          "enchantmentCharge":-1
        },
        "16":{
          "refId":"steel war axe",
          "count":1,
          "charge":-1,
          "enchantmentCharge":-1
        }
      },
      "inventory":[{
          "refId":"steel_gauntlet_right",
          "count":1,
          "charge":-1,
          "enchantmentCharge":-1,
          "soul":""
        },{
          "refId":"steel_gauntlet_left",
          "count":1,
          "charge":-1,
          "enchantmentCharge":-1,
          "soul":""
        },{
          "refId":"steel_pauldron_right",
          "count":1,
          "charge":-1,
          "enchantmentCharge":-1,
          "soul":""
        },{
          "refId":"steel_pauldron_left",
          "count":1,
          "charge":-1,
          "enchantmentCharge":-1,
          "soul":""
        },{
          "refId":"steel_cuirass",
          "count":1,
          "charge":-1,
          "enchantmentCharge":-1,
          "soul":""
        },{
          "refId":"food_kwama_egg_02",
          "count":1,
          "charge":-1,
          "enchantmentCharge":-1,
          "soul":""
        },{
          "refId":"ingred_scrib_jerky_01",
          "count":1,
          "charge":-1,
          "enchantmentCharge":-1,
          "soul":""
        },{
          "refId":"steel war axe",
          "count":1,
          "charge":-1,
          "enchantmentCharge":-1,
          "soul":""
        }]
    },
    "257755-0":{
      "refId":"dwrv_chest_divayth03",
      "inventory":[{
          "refId":"misc_dwrv_goblet10",
          "count":4,
          "charge":-1,
          "enchantmentCharge":-1,