{
  "packets":{
    "actorList":["234626-0","234627-0","234628-0","471813-0"],
    "ai":[],
    "cellChangeFrom":[],
    "cellChangeTo":[],
    "container":["234701-0","234702-0","234703-0","234704-0","234705-0","234706-0","234707-0","234708-0","234709-0","234710-0","234711-0","234712-0","234713-0","234626-0","234627-0","234628-0","471813-0"],
    "death":[],
    "delete":[],
    "doorState":[],
    "equipment":["234626-0"],
    "lock":[],
    "place":[],
    "position":["234626-0","234627-0","234628-0","471813-0"],
    "scale":[],
    "spawn":[],
    "state":[],
    "statsDynamic":["234626-0","234627-0","234628-0","471813-0"],
    "trap":[]
  },
  "entry":{
    "creationTime":1547248002,
    "description":"Dagoth Ur, Lower Facility"
  },
  "lastVisit":{
    "urm":1547248002
  },
  "recordLinks":[],
  "objectData":{
    "234710-0":{
      "refId":"dwrv_barrel10",
      "inventory":[]
    },
    "234704-0":{
      "refId":"dwrv_barrel00",
      "inventory":[{
          "refId":"ingred_ruby_01",
          "count":1,
          "charge":-1,
          "enchantmentCharge":-1,
          "soul":""
        },{
          "refId":"ingred_scrap_metal_01",
          "count":1,
          "charge":-1,
          "enchantmentCharge":-1,
          "soul":""
        }]
    },
    "234627-0":{
      "refId":"dagoth muthes",
      "location":{
        "posX":-226.3677520752,
        "posZ":385,
        "posY":67.838012695313,
        "rotX":0.013596157543361,
        "rotY":0,
        "rotZ":2.7430050373077
      },
      "stats":{
        "healthCurrent":240,
        "magickaCurrent":48,
        "healthModified":240,
        "fatigueBase":229,
        "fatigueModified":229,
        "healthBase":240,
        "magickaModified":48,
        "magickaBase":48,
        "fatigueCurrent":229
      },
      "inventory":[{
          "refId":"amulet of 6th house",
          "count":1,
          "charge":-1,
          "enchantmentCharge":-1,
          "soul":""
        }]
    },
    "234702-0":{
      "refId":"dwrv_barrel00",
      "inventory":[{
          "refId":"ingred_scrap_metal_01",
          "count":1,
          "charge":-1,
          "enchantmentCharge":-1,
          "soul":""
        }]
    },
    "234628-0":{
      "refId":"bonelord",
      "location":{
        "posX":545.78649902344,
        "posZ":385,
        "posY":-832.01843261719,
        "rotX":0.011340976692736,
        "rotY":0,
        "rotZ":-2.7430050373077
      },
      "stats":{
        "healthCurrent":90,
        "magickaCurrent":400,
        "healthModified":90,
        "fatigueBase":500,
        "fatigueModified":500,
        "healthBase":90,
        "magickaModified":400,
        "magickaBase":400,
        "fatigueCurrent":500
      },
      "inventory":[{
          "refId":"ingred_bonemeal_01",
          "count":7,
          "charge":-1,
          "enchantmentCharge":-1,
          "soul":""
        },{
          "refId":"misc_soulgem_common",
          "count":1,
          "charge":-1,
          "enchantmentCharge":-1,
          "soul":""
        }]
    },
    "234707-0":{
      "refId":"dwrv_barrel00",
      "inventory":[{
          "refId":"ingred_ruby_01",
          "count":1,
          "charge":-1,
          "enchantmentCharge":-1,
          "soul":""
        },{
          "refId":"ingred_scrap_metal_01",
          "count":1,
          "charge":-1,
          "enchantmentCharge":-1,
          "soul":""
        }]
    },
    "234713-0":{
      "refId":"dwrv_barrel00",
      "inventory":[{
          "refId":"ingred_ruby_01",
          "count":1,
          "charge":-1,
          "enchantmentCharge":-1,
          "soul":""
        },{
          "refId":"ingred_fire_salts_01",
          "count":1,
          "charge":-1,
          "enchantmentCharge":-1,
          "soul":""
        }]
    },
    "234705-0":{
      "refId":"dwrv_barrel10",
      "inventory":[{
          "refId":"ingred_raw_ebony_01",
          "count":1,
          "charge":-1,
          "enchantmentCharge":-1,
          "soul":""
        }]
    },
    "234708-0":{
      "refId":"dwrv_barrel10",
      "inventory":[{
          "refId":"ingred_emerald_01",
          "count":1,
          "charge":-1,
          "enchantmentCharge":-1,
          "soul":""
        }]
    },
    "234709-0":{
      "refId":"dwrv_barrel00",
      "inventory":[]
    },
    "234703-0":{
      "refId":"dwrv_barrel00",
      "inventory":[{
          "refId":"ingred_ruby_01",
          "count":1,
          "charge":-1,
          "enchantmentCharge":-1,
          "soul":""
        }]
    },
    "234626-0":{
      "refId":"thief dead 01",
      "location":{
        "posX":483.92578125,
        "posZ":193,
        "posY":-2798.986328125,
        "rotX":0,
        "rotY":0,
        "rotZ":5.5831861495972
      },
      "stats":{
        "healthCurrent":0,
        "magickaCurrent":44,
        "healthModified":0,
        "fatigueBase":326,
        "fatigueModified":326,
        "healthBase":0,
        "magickaModified":44,
        "magickaBase":44,
        "fatigueCurrent":326
      },
      "equipment":{
        "0":{
          "refId":"netch_leather_boiled_helm",
          "count":1,
          "charge":-1,
          "enchantmentCharge":-1
        },
        "1":{
          "refId":"netch_leather_boiled_cuirass",
          "count":1,
          "charge":-1,
          "enchantmentCharge":-1
        },
        "2":{
          "refId":"netch_leather_greaves",
          "count":1,
          "charge":-1,
          "enchantmentCharge":-1
        },
        "3":{
          "refId":"netch_leather_pauldron_left",
          "count":1,
          "charge":-1,
          "enchantmentCharge":-1
        },
        "4":{
          "refId":"netch_leather_pauldron_right",
          "count":1,
          "charge":-1,
          "enchantmentCharge":-1
        },
        "5":{
          "refId":"netch_leather_gauntlet_left",
          "count":1,
          "charge":-1,
          "enchantmentCharge":-1
        },
        "6":{
          "refId":"netch_leather_gauntlet_right",
          "count":1,
          "charge":-1,
          "enchantmentCharge":-1
        },
        "7":{
          "refId":"netch_leather_boots",
          "count":1,
          "charge":-1,
          "enchantmentCharge":-1
        },
        "16":{
          "refId":"daedric shortsword",
          "count":1,
          "charge":-1,
          "enchantmentCharge":-1
        }
      },
      "inventory":[{
          "refId":"netch_leather_gauntlet_right",
          "count":1,
          "charge":-1,
          "enchantmentCharge":-1,
          "soul":""
        },{
          "refId":"netch_leather_gauntlet_left",
          "count":1,
          "charge":-1,
          "enchantmentCharge":-1,
          "soul":""
        },{
          "refId":"netch_leather_boots",
          "count":1,
          "charge":-1,
          "enchantmentCharge":-1,
          "soul":""
        },{
          "refId":"netch_leather_greaves",
          "count":1,
          "charge":-1,
          "enchantmentCharge":-1,
          "soul":""
        },{
          "refId":"netch_leather_pauldron_right",
          "count":1,
          "charge":-1,
          "enchantmentCharge":-1,
          "soul":""
        },{
          "refId":"netch_leather_pauldron_left",
          "count":1,
          "charge":-1,
          "enchantmentCharge":-1,
          "soul":""
        },{
          "refId":"netch_leather_boiled_cuirass",
          "count":1,
          "charge":-1,
          "enchantmentCharge":-1,
          "soul":""
        },{
          "refId":"netch_leather_boiled_helm",
          "count":1,
          "charge":-1,
          "enchantmentCharge":-1,
          "soul":""
        },{
          "refId":"pick_journeyman_01",
          "count":1,
          "charge":-1,
          "enchantmentCharge":-1,
          "soul":""
        },{
          "refId":"gold_001",
          "count":200,
          "charge":-1,
          "enchantmentCharge":-1,