{
  "packets":{
    "actorList":["473453-0","473454-0","473455-0","473456-0","473457-0"],
    "ai":[],
    "cellChangeFrom":[],
    "cellChangeTo":[],
    "container":["396969-0","396970-0","396971-0","396972-0","396973-0","396974-0","396975-0","396976-0","396979-0","396982-0","396987-0","396988-0","396989-0","396990-0","397005-0","396994-0","473453-0","473454-0","473455-0","473456-0","473457-0"],
    "death":[],
    "delete":[],
    "doorState":[],
    "equipment":["473453-0","473454-0","473455-0","473456-0","473457-0"],
    "lock":[],
    "place":[],
    "position":["473453-0","473454-0","473455-0","473456-0","473457-0"],
    "scale":[],
    "spawn":[],
    "state":[],
    "statsDynamic":["473453-0","473454-0","473455-0","473456-0","473457-0"],
    "trap":[]
  },
  "entry":{
    "creationTime":1547248019,
    "description":"Dulo Ancestral Tomb"
  },
  "lastVisit":{
    "urm":1547248024
  },
  "recordLinks":[],
  "objectData":{
    "396974-0":{
      "refId":"urn_ash00",
      "inventory":[{
          "refId":"ingred_bonemeal_01",
          "count":1,
          "charge":-1,
          "enchantmentCharge":-1,
          "soul":""
        }]
    },
    "396970-0":{
      "refId":"urn_ash00",
      "inventory":[{
          "refId":"ingred_bonemeal_01",
          "count":1,
          "charge":-1,
          "enchantmentCharge":-1,
          "soul":""
        }]
    },
    "396976-0":{
      "refId":"urn_ash00",
      "inventory":[{
          "refId":"ingred_bonemeal_01",
          "count":1,
          "charge":-1,
          "enchantmentCharge":-1,
          "soul":""
        }]
    },
    "473454-0":{
      "refId":"aundae vampire 2",
      "location":{
        "posX":649.27075195313,
        "posZ":1697.0001220703,
        "posY":1181.1751708984,
        "rotX":0,
        "rotY":0,
        "rotZ":4.7123889923096
      },
      "stats":{
        "healthCurrent":71,
        "magickaCurrent":98,
        "healthModified":71,
        "fatigueBase":279,
        "fatigueModified":279,
        "healthBase":71,
        "magickaModified":98,
        "magickaBase":98,
        "fatigueCurrent":279
      },
      "equipment":{
        "1":{
          "refId":"iron_cuirass",
          "count":1,
          "charge":-1,
          "enchantmentCharge":-1
        },
        "5":{
          "refId":"iron_bracer_left",
          "count":1,
          "charge":-1,
          "enchantmentCharge":-1
        },
        "7":{
          "refId":"common_shoes_05",
          "count":1,
          "charge":-1,
          "enchantmentCharge":-1
        },
        "8":{
          "refId":"common_shirt_05",
          "count":1,
          "charge":-1,
          "enchantmentCharge":-1
        },
        "9":{
          "refId":"common_pants_05",
          "count":1,
          "charge":-1,
          "enchantmentCharge":-1
        },
        "16":{
          "refId":"iron war axe",
          "count":1,
          "charge":-1,
          "enchantmentCharge":-1
        }
      },
      "inventory":[{
          "refId":"iron_bracer_left",
          "count":1,
          "charge":-1,
          "enchantmentCharge":-1,
          "soul":""
        },{
          "refId":"iron_cuirass",
          "count":1,
          "charge":-1,
          "enchantmentCharge":-1,
          "soul":""
        },{
          "refId":"common_shirt_05",
          "count":1,
          "charge":-1,
          "enchantmentCharge":-1,
          "soul":""
        },{
          "refId":"common_shoes_05",
          "count":1,
          "charge":-1,
          "enchantmentCharge":-1,
          "soul":""
        },{
          "refId":"common_pants_05",
          "count":1,
          "charge":-1,
          "enchantmentCharge":-1,
          "soul":""
        },{
          "refId":"iron war axe",
          "count":1,
          "charge":-1,
          "enchantmentCharge":-1,
          "soul":""
        }]
    },
    "396994-0":{
      "refId":"chest_tomb_large02",
      "inventory":[{
          "refId":"netch_leather_boiled_helm",
          "count":1,
          "charge":-1,
          "enchantmentCharge":-1,
          "soul":""
        }]
    },
    "396990-0":{
      "refId":"urn_ash00",
      "inventory":[{
          "refId":"ingred_bonemeal_01",
          "count":1,
          "charge":-1,
          "enchantmentCharge":-1,
          "soul":""
        }]
    },
    "473457-0":{
      "refId":"aundae vampire 5",
      "location":{
        "posX":1753.1320800781,
        "posZ":1697.0001220703,
        "posY":438.25128173828,
        "rotX":0,
        "rotY":0,
        "rotZ":5.4977874755859
      },
      "stats":{
        "healthCurrent":75,
        "magickaCurrent":88,
        "healthModified":75,
        "fatigueBase":249,
        "fatigueModified":249,
        "healthBase":75,
        "magickaModified":88,
        "magickaBase":88,
        "fatigueCurrent":249
      },
      "equipment":{
        "2":{
          "refId":"bonemold_greaves",
          "count":1,
          "charge":-1,
          "enchantmentCharge":-1
        },
        "7":{
          "refId":"common_shoes_02",
          "count":1,
          "charge":-1,
          "enchantmentCharge":-1
        },
        "16":{
          "refId":"iron broadsword",
          "count":1,
          "charge":-1,
          "enchantmentCharge":-1
        },
        "9":{
          "refId":"common_pants_04",
          "count":1,
          "charge":-1,
          "enchantmentCharge":-1
        }
      },
      "inventory":[{
          "refId":"bonemold_greaves",
          "count":1,
          "charge":-1,
          "enchantmentCharge":-1,
          "soul":""
        },{
          "refId":"common_shoes_02",
          "count":1,
          "charge":-1,
          "enchantmentCharge":-1,
          "soul":""
        },{
          "refId":"common_pants_04",
          "count":1,
          "charge":-1,
          "enchantmentCharge":-1,
          "soul":""
        },{
          "refId":"iron broadsword",
          "count":1,
          "charge":-1,
          "enchantmentCharge":-1,
          "soul":""
        }]
    },
    "396982-0":{
      "refId":"urn_ash00",
      "inventory":[{
          "refId":"ingred_bonemeal_01",
          "count":1,
          "charge":-1,
          "enchantmentCharge":-1,
          "soul":""
        }]
    },
    "396969-0":{
      "refId":"urn_ash00",
      "inventory":[{
          "refId":"ingred_bonemeal_01",
          "count":1,
          "charge":-1,
          "enchantmentCharge":-1,
          "soul":""
        }]
    },
    "396973-0":{
      "refId":"urn_ash00",
      "inventory":[{
          "refId":"ingred_bonemeal_01",
          "count":1,
          "charge":-1,
          "enchantmentCharge":-1,
          "soul":""
        }]
    },
    "396988-0":{
      "refId":"urn_ash00",
      "inventory":[{
          "refId":"ingred_bonemeal_01",
          "count":1,
          "charge":-1,
          "enchantmentCharge":-1,
          "soul":""
        }]
    },
    "473453-0":{
      "refId":"aundae vampire 1",
      "location":{
        "posX":1121.5908203125,
        "posZ":1831,
        "posY":1601.9929199219,
        "rotX":0,
        "rotY":0,
        "rotZ":4.7123889923096
      },
      "stats":{
        "healthCurrent":50,
        "magickaCurrent":114,
        "healthModified":50,
        "fatigueBase":235,
        "fatigueModified":235,
        "healthBase":50,
        "magickaModified":114,
        "magickaBase":114,
        "fatigueCurrent":235
      },
      "equipment":{
        "11":{
          "refId":"common_robe_02_t",
          "count":1,
          "charge":-1,
          "enchantmentCharge":-1
        }
      },
      "inventory":[{
          "refId":"common_robe_02_t",
          "count":1,
          "charge":-1,
          "enchantmentCharge":-1,
          "soul":""
        },{
          "refId":"gold_001",
          "count":1,
          "charge":-1,
          "enchantmentCharge":-1,
          "soul":""
        }]
    },