{
  "packets":{
    "actorList":["257770-0","257764-0","257765-0","257766-0","257767-0","257768-0","257769-0","379752-0"],
    "ai":[],
    "cellChangeFrom":[],
    "cellChangeTo":[],
    "container":["257849-0","257850-0","257851-0","257852-0","257883-0","257917-0","257770-0","257764-0","257765-0","257766-0","257767-0","257768-0","257769-0","379752-0"],
    "death":[],
    "delete":[],
    "doorState":[],
    "equipment":["257764-0","257770-0","379752-0"],
    "lock":[],
    "place":[],
    "position":["257764-0","257765-0","257766-0","257767-0","257768-0","257769-0","257770-0","379752-0"],
    "scale":[],
    "spawn":[],
    "state":[],
    "statsDynamic":["257764-0","257765-0","257766-0","257767-0","257768-0","257769-0","257770-0","379752-0"],
    "trap":[]
  },
  "entry":{
    "creationTime":1547248033,
    "description":"Endusal, Kagrenac's study"
  },
  "lastVisit":{
    "urm":1547248033
  },
  "recordLinks":[],
  "objectData":{
    "257849-0":{
      "refId":"dwrv_endusal_desk00",
      "inventory":[{
          "refId":"misc_dwrv_artifact50",
          "count":1,
          "charge":-1,
          "enchantmentCharge":-1,
          "soul":""
        }]
    },
    "257851-0":{
      "refId":"dwrv_endusal_desk01",
      "inventory":[{
          "refId":"misc_dwrv_coin00",
          "count":8,
          "charge":-1,
          "enchantmentCharge":-1,
          "soul":""
        },{
          "refId":"misc_dwrv_gear00",
          "count":1,
          "charge":-1,
          "enchantmentCharge":-1,
          "soul":""
        }]
    },
    "257764-0":{
      "refId":"dremora_lord",
      "location":{
        "posX":-34.300628662109,
        "posZ":-383,
        "posY":-1257.1441650391,
        "rotX":0,
        "rotY":0,
        "rotZ":0.3800733089447
      },
      "stats":{
        "healthCurrent":280,
        "magickaCurrent":200,
        "healthModified":280,
        "fatigueBase":500,
        "fatigueModified":500,
        "healthBase":280,
        "magickaModified":200,
        "magickaBase":200,
        "fatigueCurrent":500
      },
      "equipment":[],
      "inventory":[{
          "refId":"dwarven warhammer",
          "count":1,
          "charge":-1,
          "enchantmentCharge":-1,
          "soul":""
        }]
    },
    "379752-0":{
      "refId":"skeleton hero dead",
      "location":{
        "posX":-223.25811767578,
        "posZ":-959,
        "posY":-111.66311645508,
        "rotX":0,
        "rotY":0,
        "rotZ":1.2672579288483
      },
      "stats":{
        "healthCurrent":0,
        "magickaCurrent":30,
        "healthModified":0,
        "fatigueBase":400,
        "fatigueModified":400,
        "healthBase":0,
        "magickaModified":30,
        "magickaBase":30,
        "fatigueCurrent":400
      },
      "equipment":[],
      "inventory":[{
          "refId":"gold_001",
          "count":4,
          "charge":-1,
          "enchantmentCharge":-1,
          "soul":""
        },{
          "refId":"chitin shortsword",
          "count":1,
          "charge":-1,
          "enchantmentCharge":-1,
          "soul":""
        }]
    },
    "257765-0":{
      "refId":"ash_slave",
      "location":{
        "posX":749.27899169922,
        "posZ":-383,
        "posY":-2155.9318847656,
        "rotX":0,
        "rotY":0,
        "rotZ":0
      },
      "stats":{
        "healthCurrent":60,
        "magickaCurrent":140,
        "healthModified":60,
        "fatigueBase":345,
        "fatigueModified":345,
        "healthBase":60,
        "magickaModified":140,
        "magickaBase":140,
        "fatigueCurrent":345
      },
      "inventory":[{
          "refId":"ingred_ash_salts_01",
          "count":1,
          "charge":-1,
          "enchantmentCharge":-1,
          "soul":""
        }]
    },
    "257767-0":{
      "refId":"daedroth",
      "location":{
        "posX":-901.37493896484,
        "posZ":-959,
        "posY":-532.25512695313,
        "rotX":0,
        "rotY":0,
        "rotZ":0
      },
      "stats":{
        "healthCurrent":180,
        "magickaCurrent":195,
        "healthModified":180,
        "fatigueBase":600,
        "fatigueModified":600,
        "healthBase":180,
        "magickaModified":195,
        "magickaBase":195,
        "fatigueCurrent":600
      },
      "inventory":[{
          "refId":"ingred_daedras_heart_01",
          "count":1,
          "charge":-1,
          "enchantmentCharge":-1,
          "soul":""
        }]
    },
    "257917-0":{
      "refId":"dwrv_desk00",
      "inventory":[]
    },
    "257883-0":{
      "refId":"dwrv_cabinet10",
      "inventory":[{
          "refId":"misc_dwrv_coin00",
          "count":1,
          "charge":-1,
          "enchantmentCharge":-1,
          "soul":""
        },{
          "refId":"misc_dwrv_gear00",
          "count":1,
          "charge":-1,
          "enchantmentCharge":-1,
          "soul":""
        }]
    },
    "257768-0":{
      "refId":"dagoth goral",
      "location":{
        "posX":107.91251373291,
        "posZ":-959,
        "posY":-379.26647949219,
        "rotX":0.013441068120301,
        "rotY":0,
        "rotZ":2.9861075878143
      },
      "stats":{
        "healthCurrent":280,
        "magickaCurrent":340,
        "healthModified":280,
        "fatigueBase":600,
        "fatigueModified":600,
        "healthBase":280,
        "magickaModified":340,
        "magickaBase":340,
        "fatigueCurrent":600
      },
      "inventory":[{
          "refId":"amulet of 6th house",
          "count":1,
          "charge":-1,
          "enchantmentCharge":-1,
          "soul":""
        }]
    },
    "257769-0":{
      "refId":"dagoth mendras",
      "location":{
        "posX":-655.31420898438,
        "posZ":-383,
        "posY":-2146.7937011719,
        "rotX":0,
        "rotY":0,
        "rotZ":1.5000002384186
      },
      "stats":{
        "healthCurrent":240,
        "magickaCurrent":46,
        "healthModified":240,
        "fatigueBase":222,
        "fatigueModified":222,
        "healthBase":240,
        "magickaModified":46,
        "magickaBase":46,
        "fatigueCurrent":222
      },
      "inventory":[{
          "refId":"amulet of 6th house",
          "count":1,
          "charge":-1,
          "enchantmentCharge":-1,
          "soul":""
        }]
    },
    "257852-0":{
      "refId":"dwrv_desk00",
      "inventory":[]
    },
    "257850-0":{
      "refId":"dwrv_desk00",
      "inventory":[]
    },
    "257770-0":{
      "refId":"wizard dead 01",
      "location":{
        "posX":129.94216918945,
        "posZ":-383,
        "posY":-2130.09765625,
        "rotX":0,
        "rotY":0,
        "rotZ":5.383186340332
      },
      "stats":{
        "healthCurrent":0,
        "magickaCurrent":50,
        "healthModified":0,
        "fatigueBase":319,
        "fatigueModified":319,
        "healthBase":0,
        "magickaModified":50,
        "magickaBase":50,
        "fatigueCurrent":319
      },
      "equipment":{
        "0":{
          "refId":"netch_leather_boiled_helm",
          "count":1,
          "charge":-1,
          "enchantmentCharge":-1
        },
        "1":{
          "refId":"netch_leather_boiled_cuirass",
          "count":1,
          "charge":-1,
          "enchantmentCharge":-1
        },
        "2":{
          "refId":"netch_leather_greaves",
          "count":1,
          "charge":-1,
          "enchantmentCharge":-1
        },
        "3":{
          "refId":"netch_leather_pauldron_left",
          "count":1,
          "charge":-1,
          "enchantmentCharge":-1
        },
        "4":{
          "refId":"netch_leather_pauldron_right",
          "count":1,
          "charge":-1,
          "enchantmentCharge":-1
        },
        "5":{
          "refId":"expensive_glove_left_01",
          "count":1,
          "charge":-1,
          "enchantmentCharge":-1
        },
        "6":{
          "refId":"expensive_glove_right_01",
          "count":1,
          "charge":-1,