{
  "packets":{
    "actorList":["0-1316","0-1317","0-1318","0-1319","0-1320","0-1321","112197-0","112200-0","112201-0","112202-0","112203-0","112204-0","112213-0","112214-0"],
    "ai":[],
    "cellChangeFrom":[],
    "cellChangeTo":[],
    "container":["250658-0","250659-0","250660-0","390036-0","390037-0","390038-0","390039-0","112197-0","112200-0","112201-0","112202-0","112203-0","112204-0","112213-0","112214-0"],
    "death":[],
    "delete":[],
    "doorState":[],
    "equipment":[],
    "lock":[],
    "place":[],
    "position":["112197-0","112200-0","112201-0","112202-0","112203-0","112204-0","112213-0","112214-0","0-1316","0-1317","0-1318","0-1319","0-1320","0-1321"],
    "scale":[],
    "spawn":["0-1316","0-1317","0-1318","0-1319","0-1320","0-1321"],
    "state":[],
    "statsDynamic":["112197-0","112200-0","112201-0","112202-0","112203-0","112204-0","112213-0","112214-0","0-1316","0-1317","0-1318","0-1319","0-1320","0-1321"],
    "trap":[]
  },
  "entry":{
    "creationTime":1547248043,
    "description":"Falasmaryon, Sewers"
  },
  "lastVisit":{
    "urm":1547248043
  },
  "recordLinks":[],
  "objectData":{
    "250658-0":{
      "refId":"crate_01_steel_weapons",
      "inventory":[{
          "refId":"steel katana",
          "count":1,
          "charge":-1,
          "enchantmentCharge":-1,
          "soul":""
        }]
    },
    "112214-0":{
      "refId":"slaughterfish",
      "location":{
        "posX":-3762.2900390625,
        "posZ":-191.01338195801,
        "posY":-2941.07421875,
        "rotX":0,
        "rotY":0,
        "rotZ":0
      },
      "stats":{
        "healthCurrent":23,
        "magickaCurrent":10,
        "healthModified":23,
        "fatigueBase":400,
        "fatigueModified":400,
        "healthBase":23,
        "magickaModified":10,
        "magickaBase":10,
        "fatigueCurrent":399.80404663086
      },
      "inventory":[{
          "refId":"ingred_scales_01",
          "count":2,
          "charge":-1,
          "enchantmentCharge":-1,
          "soul":""
        }]
    },
    "0-1320":{
      "refId":"rat",
      "location":{
        "posX":-2306.1284179688,
        "posZ":137.78524780273,
        "posY":1161.2023925781,
        "rotX":0,
        "rotY":0,
        "rotZ":0
      },
      "stats":{
        "healthCurrent":23,
        "magickaCurrent":10,
        "healthModified":23,
        "fatigueBase":300,
        "fatigueModified":300,
        "healthBase":23,
        "magickaModified":10,
        "magickaBase":10,
        "fatigueCurrent":300
      }
    },
    "112197-0":{
      "refId":"ash_ghoul_mulyn",
      "location":{
        "posX":66.216766357422,
        "posZ":129.00004577637,
        "posY":3285.6640625,
        "rotX":0,
        "rotY":0,
        "rotZ":0
      },
      "stats":{
        "healthCurrent":260,
        "magickaCurrent":280,
        "healthModified":260,
        "fatigueBase":750,
        "fatigueModified":750,
        "healthBase":260,
        "magickaModified":280,
        "magickaBase":280,
        "fatigueCurrent":750
      },
      "inventory":[{
          "refId":"ingred_ash_salts_01",
          "count":2,
          "charge":-1,
          "enchantmentCharge":-1,
          "soul":""
        }]
    },
    "250660-0":{
      "refId":"barrel_02_floater_ing",
      "inventory":[{
          "refId":"food_kwama_egg_01",
          "count":1,
          "charge":-1,
          "enchantmentCharge":-1,
          "soul":""
        },{
          "refId":"ingred_saltrice_01",
          "count":1,
          "charge":-1,
          "enchantmentCharge":-1,
          "soul":""
        },{
          "refId":"ingred_comberry_01",
          "count":1,
          "charge":-1,
          "enchantmentCharge":-1,
          "soul":""
        },{
          "refId":"ingred_racer_plumes_01",
          "count":1,
          "charge":-1,
          "enchantmentCharge":-1,
          "soul":""
        }]
    },
    "390038-0":{
      "refId":"contain_corpse20_mage",
      "inventory":[{
          "refId":"bk_originofthemagesguild",
          "count":1,
          "charge":-1,
          "enchantmentCharge":-1,
          "soul":""
        },{
          "refId":"ingred_bonemeal_01",
          "count":1,
          "charge":-1,
          "enchantmentCharge":-1,
          "soul":""
        },{
          "refId":"misc_de_pot_glass_peach_01",
          "count":1,
          "charge":-1,
          "enchantmentCharge":-1,
          "soul":""
        }]
    },
    "112213-0":{
      "refId":"slaughterfish",
      "location":{
        "posX":-3911.65625,
        "posZ":-191.01338195801,
        "posY":-582.4140625,
        "rotX":0,
        "rotY":0,
        "rotZ":0
      },
      "stats":{
        "healthCurrent":23,
        "magickaCurrent":10,
        "healthModified":23,
        "fatigueBase":400,
        "fatigueModified":400,
        "healthBase":23,
        "magickaModified":10,
        "magickaBase":10,
        "fatigueCurrent":399.80404663086
      },
      "inventory":[{
          "refId":"ingred_scales_01",
          "count":2,
          "charge":-1,
          "enchantmentCharge":-1,
          "soul":""
        }]
    },
    "390037-0":{
      "refId":"barrel_01_random_pos",
      "inventory":[{
          "refId":"sc_paper plain",
          "count":1,
          "charge":-1,
          "enchantmentCharge":-1,
          "soul":""
        },{
          "refId":"misc_com_wood_bowl_04",
          "count":2,
          "charge":-1,
          "enchantmentCharge":-1,
          "soul":""
        },{
          "refId":"gold_001",
          "count":3,
          "charge":-1,
          "enchantmentCharge":-1,
          "soul":""
        },{
          "refId":"misc_com_redware_cup",
          "count":1,
          "charge":-1,
          "enchantmentCharge":-1,
          "soul":""
        },{
          "refId":"misc_com_bottle_15",
          "count":1,
          "charge":-1,
          "enchantmentCharge":-1,
          "soul":""
        }]
    },
    "250659-0":{
      "refId":"barrel_01_ingredients_f",
      "inventory":[{
          "refId":"ingred_stoneflower_petals_01",
          "count":1,
          "charge":-1,
          "enchantmentCharge":-1,
          "soul":""
        },{
          "refId":"ingred_green_lichen_01",
          "count":2,
          "charge":-1,
          "enchantmentCharge":-1,
          "soul":""
        },{
          "refId":"ingred_roobrush_01",
          "count":2,
          "charge":-1,
          "enchantmentCharge":-1,
          "soul":""
        },{
          "refId":"ingred_red_lichen_01",
          "count":1,
          "charge":-1,
          "enchantmentCharge":-1,
          "soul":""
        },{
          "refId":"ingred_marshmerrow_01",
          "count":1,
          "charge":-1,
          "enchantmentCharge":-1,
          "soul":""
        },{
          "refId":"ingred_scathecraw_01",
          "count":1,
          "charge":-1,
          "enchantmentCharge":-1,
          "soul":""
        },{
          "refId":"ingred_crab_meat_01",
          "count":1,
          "charge":-1,
          "enchantmentCharge":-1,
          "soul":""
        },{
          "refId":"ingred_gravedust_01",
          "count":1,
          "charge":-1,
          "enchantmentCharge":-1,
          "soul":""
        }]
    },
    "0-1316":{
      "refId":"ash_slave",
      "location":{
        "posX":2435.8266601563,
        "posZ":142.04655456543,
        "posY":7267.91796875,
        "rotX":0,
        "rotY":0,
        "rotZ":0
      },
      "stats":{
        "healthCurrent":60,
        "magickaCurrent":148,
        "healthModified":60,
        "fatigueBase":349,
        "fatigueModified":349,
        "healthBase":60,
        "magickaModified":148,
        "magickaBase":148,
        "fatigueCurrent":349
      }
    },
    "112200-0":{
      "refId":"slaughterfish",
      "location":{
        "posX":394.94482421875,
        "posZ":-191.01335144043,
        "posY":6932.5483398438,
        "rotX":0,
        "rotY":0,