{
  "packets":{
    "actorList":["0-1313","0-1314","0-1315","127618-0","127619-0","127620-0","434440-0","111956-0","428894-0"],
    "ai":[],
    "cellChangeFrom":[],
    "cellChangeTo":[],
    "container":["250651-0","427951-0","427954-0","427955-0","127618-0","127619-0","127620-0","434440-0","111956-0","428894-0"],
    "death":[],
    "delete":[],
    "doorState":[],
    "equipment":["127618-0","127619-0","127620-0","434440-0"],
    "lock":[],
    "place":[],
    "position":["111956-0","127618-0","127619-0","127620-0","428894-0","434440-0","0-1313","0-1314","0-1315"],
    "scale":[],
    "spawn":["0-1313","0-1314","0-1315"],
    "state":[],
    "statsDynamic":["111956-0","127618-0","127619-0","127620-0","428894-0","434440-0","0-1313","0-1314","0-1315"],
    "trap":[]
  },
  "entry":{
    "creationTime":1547248041,
    "description":"Falasmaryon, Lower Level"
  },
  "lastVisit":{
    "urm":1547248042
  },
  "recordLinks":[],
  "objectData":{
    "427951-0":{
      "refId":"com_chest_02_lev_gold",
      "inventory":[{
          "refId":"gold_001",
          "count":86,
          "charge":-1,
          "enchantmentCharge":-1,
          "soul":""
        }]
    },
    "427954-0":{
      "refId":"chest_small_02_misc01",
      "inventory":[{
          "refId":"gold_001",
          "count":10,
          "charge":-1,
          "enchantmentCharge":-1,
          "soul":""
        }]
    },
    "427955-0":{
      "refId":"urn_05_ingred",
      "inventory":[{
          "refId":"ingred_comberry_01",
          "count":1,
          "charge":-1,
          "enchantmentCharge":-1,
          "soul":""
        },{
          "refId":"ingred_bloat_01",
          "count":1,
          "charge":-1,
          "enchantmentCharge":-1,
          "soul":""
        },{
          "refId":"ingred_red_lichen_01",
          "count":1,
          "charge":-1,
          "enchantmentCharge":-1,
          "soul":""
        }]
    },
    "127618-0":{
      "refId":"dreamer",
      "location":{
        "posX":656.53149414063,
        "posZ":-1919,
        "posY":8488.28515625,
        "rotX":0.010179187171161,
        "rotY":0,
        "rotZ":-0.37741470336914
      },
      "stats":{
        "healthCurrent":40,
        "magickaCurrent":80,
        "healthModified":40,
        "fatigueBase":140,
        "fatigueModified":140,
        "healthBase":40,
        "magickaModified":80,
        "magickaBase":80,
        "fatigueCurrent":140
      },
      "equipment":{
        "16":{
          "refId":"iron club",
          "count":1,
          "charge":-1,
          "enchantmentCharge":-1
        }
      },
      "inventory":[{
          "refId":"ingred_6th_corprusmeat_01",
          "count":1,
          "charge":-1,
          "enchantmentCharge":-1,
          "soul":""
        },{
          "refId":"iron club",
          "count":1,
          "charge":-1,
          "enchantmentCharge":-1,
          "soul":""
        }]
    },
    "434440-0":{
      "refId":"irer nervion",
      "location":{
        "posX":-1613,
        "posZ":-1919,
        "posY":7107,
        "rotX":0,
        "rotY":0,
        "rotZ":0.30539813637733
      },
      "stats":{
        "healthCurrent":0,
        "magickaCurrent":106,
        "healthModified":0,
        "fatigueBase":281,
        "fatigueModified":281,
        "healthBase":0,
        "magickaModified":106,
        "magickaBase":106,
        "fatigueCurrent":281
      },
      "equipment":[{
          "refId":"glass_cuirass",
          "count":1,
          "charge":-1,
          "enchantmentCharge":-1
        },{
          "refId":"glass_greaves",
          "count":1,
          "charge":-1,
          "enchantmentCharge":-1
        },null,null,null,null,{
          "refId":"glass_boots",
          "count":1,
          "charge":-1,
          "enchantmentCharge":-1
        },{
          "refId":"expensive_shirt_02",
          "count":1,
          "charge":-1,
          "enchantmentCharge":-1
        },{
          "refId":"expensive_pants_02",
          "count":1,
          "charge":-1,
          "enchantmentCharge":-1
        },null,null,{
          "refId":"expensive_ring_01_hrdt",
          "count":1,
          "charge":-1,
          "enchantmentCharge":-1
        }],
      "inventory":[{
          "refId":"glass_boots",
          "count":1,
          "charge":-1,
          "enchantmentCharge":-1,
          "soul":""
        },{
          "refId":"glass_greaves",
          "count":1,
          "charge":-1,
          "enchantmentCharge":-1,
          "soul":""
        },{
          "refId":"glass_cuirass",
          "count":1,
          "charge":-1,
          "enchantmentCharge":-1,
          "soul":""
        },{
          "refId":"expensive_ring_01_hrdt",
          "count":1,
          "charge":-1,
          "enchantmentCharge":-1,
          "soul":""
        },{
          "refId":"expensive_shirt_02",
          "count":1,
          "charge":-1,
          "enchantmentCharge":-1,
          "soul":""
        },{
          "refId":"expensive_pants_02",
          "count":1,
          "charge":-1,
          "enchantmentCharge":-1,
          "soul":""
        }]
    },
    "127620-0":{
      "refId":"dreamer_f_01",
      "location":{
        "posX":-277.74209594727,
        "posZ":-1919,
        "posY":7781.3188476563,
        "rotX":0,
        "rotY":0,
        "rotZ":1.7201473712921
      },
      "stats":{
        "healthCurrent":35,
        "magickaCurrent":80,
        "healthModified":35,
        "fatigueBase":150,
        "fatigueModified":150,
        "healthBase":35,
        "magickaModified":80,
        "magickaBase":80,
        "fatigueCurrent":150
      },
      "equipment":{
        "16":{
          "refId":"iron club",
          "count":1,
          "charge":-1,
          "enchantmentCharge":-1
        }
      },
      "inventory":[{
          "refId":"ingred_6th_corprusmeat_04",
          "count":1,
          "charge":-1,
          "enchantmentCharge":-1,
          "soul":""
        },{
          "refId":"iron club",
          "count":1,
          "charge":-1,
          "enchantmentCharge":-1,
          "soul":""
        }]
    },
    "0-1314":{
      "refId":"corprus_stalker",
      "location":{
        "posX":-1730.4816894531,
        "posZ":-1896.5288085938,
        "posY":6449.427734375,
        "rotX":0,
        "rotY":0,
        "rotZ":0
      },
      "stats":{
        "healthCurrent":60,
        "magickaCurrent":50,
        "healthModified":60,
        "fatigueBase":300,
        "fatigueModified":300,
        "healthBase":60,
        "magickaModified":50,
        "magickaBase":50,
        "fatigueCurrent":300
      }
    },
    "127619-0":{
      "refId":"dreamer_02",
      "location":{
        "posX":579.3125,
        "posZ":-1919,
        "posY":7646.6264648438,
        "rotX":0.021268574520946,
        "rotY":0,
        "rotZ":0.35696291923523
      },
      "stats":{
        "healthCurrent":40,
        "magickaCurrent":80,
        "healthModified":40,
        "fatigueBase":160,
        "fatigueModified":160,
        "healthBase":40,
        "magickaModified":80,
        "magickaBase":80,
        "fatigueCurrent":160
      },
      "equipment":{
        "16":{
          "refId":"iron club",
          "count":1,
          "charge":-1,
          "enchantmentCharge":-1
        }
      },
      "inventory":[{
          "refId":"iron club",
          "count":1,
          "charge":-1,
          "enchantmentCharge":-1,
          "soul":""
        }]
    },
    "0-1315":{
      "refId":"corprus_stalker",
      "location":{
        "posX":-1484.9047851563,
        "posZ":-1919.0224609375,
        "posY":7407.7373046875,
        "rotX":0,
        "rotY":0,
        "rotZ":0
      },
      "stats":{
        "healthCurrent":60,
        "magickaCurrent":50,
        "healthModified":60,
        "fatigueBase":300,
        "fatigueModified":300,
        "healthBase":60,
        "magickaModified":50,
        "magickaBase":50,