{
  "packets":{
    "actorList":["0-1338","0-1339","0-1340","0-1341","196923-0","196943-0","196911-0","196944-0","196918-0","340939-0"],
    "ai":[],
    "cellChangeFrom":[],
    "cellChangeTo":[],
    "container":["306836-0","306840-0","306841-0","306842-0","306843-0","414278-0","196923-0","196943-0","196911-0","196944-0","196918-0","340939-0"],
    "death":[],
    "delete":[],
    "doorState":[],
    "equipment":["196911-0","196923-0","196943-0","196944-0","0-1338","0-1339","0-1340","0-1341"],
    "lock":[],
    "place":[],
    "position":["196911-0","196918-0","196923-0","196943-0","196944-0","340939-0","0-1338","0-1339","0-1340","0-1341"],
    "scale":[],
    "spawn":["0-1338","0-1339","0-1340","0-1341"],
    "state":[],
    "statsDynamic":["196911-0","196918-0","196923-0","196943-0","196944-0","340939-0","0-1338","0-1339","0-1340","0-1341"],
    "trap":[]
  },
  "entry":{
    "creationTime":1547248049,
    "description":"Galom Daeus, Observatory"
  },
  "lastVisit":{
    "urm":1547248050
  },
  "recordLinks":[],
  "objectData":{
    "196944-0":{
      "refId":"reberio",
      "location":{
        "posX":2470.46484375,
        "posZ":12609,
        "posY":2135.8818359375,
        "rotX":-0.46919974684715,
        "rotY":0,
        "rotZ":1.0618212223053
      },
      "stats":{
        "healthCurrent":127,
        "magickaCurrent":100,
        "healthModified":127,
        "fatigueBase":304,
        "fatigueModified":304,
        "healthBase":127,
        "magickaModified":100,
        "magickaBase":100,
        "fatigueCurrent":304
      },
      "equipment":{
        "7":{
          "refId":"common_shoes_03",
          "count":1,
          "charge":-1,
          "enchantmentCharge":-1
        },
        "8":{
          "refId":"common_shirt_02_tt",
          "count":1,
          "charge":-1,
          "enchantmentCharge":-1
        },
        "16":{
          "refId":"long bow",
          "count":1,
          "charge":-1,
          "enchantmentCharge":-1
        },
        "9":{
          "refId":"common_pants_05",
          "count":1,
          "charge":-1,
          "enchantmentCharge":-1
        }
      },
      "inventory":[{
          "refId":"common_shirt_02_tt",
          "count":1,
          "charge":-1,
          "enchantmentCharge":-1,
          "soul":""
        },{
          "refId":"common_shoes_03",
          "count":1,
          "charge":-1,
          "enchantmentCharge":-1,
          "soul":""
        },{
          "refId":"common_pants_05",
          "count":1,
          "charge":-1,
          "enchantmentCharge":-1,
          "soul":""
        },{
          "refId":"long bow",
          "count":1,
          "charge":-1,
          "enchantmentCharge":-1,
          "soul":""
        }]
    },
    "196923-0":{
      "refId":"clasomo",
      "location":{
        "posX":3496.0830078125,
        "posZ":12801,
        "posY":4675.2368164063,
        "rotX":0,
        "rotY":0,
        "rotZ":2.5
      },
      "stats":{
        "healthCurrent":131,
        "magickaCurrent":108,
        "healthModified":131,
        "fatigueBase":327,
        "fatigueModified":327,
        "healthBase":131,
        "magickaModified":108,
        "magickaBase":108,
        "fatigueCurrent":327
      },
      "equipment":{
        "7":{
          "refId":"common_shoes_05",
          "count":1,
          "charge":-1,
          "enchantmentCharge":-1
        },
        "11":{
          "refId":"common_robe_01",
          "count":1,
          "charge":-1,
          "enchantmentCharge":-1
        },
        "9":{
          "refId":"common_pants_04",
          "count":1,
          "charge":-1,
          "enchantmentCharge":-1
        }
      },
      "inventory":[{
          "refId":"common_robe_01",
          "count":1,
          "charge":-1,
          "enchantmentCharge":-1,
          "soul":""
        },{
          "refId":"common_shoes_05",
          "count":1,
          "charge":-1,
          "enchantmentCharge":-1,
          "soul":""
        },{
          "refId":"common_pants_04",
          "count":1,
          "charge":-1,
          "enchantmentCharge":-1,
          "soul":""
        }]
    },
    "196943-0":{
      "refId":"fammana",
      "location":{
        "posX":3141.7758789063,
        "posZ":12609,
        "posY":2877.4790039063,
        "rotX":0,
        "rotY":0,
        "rotZ":0.80000197887421
      },
      "stats":{
        "healthCurrent":120,
        "magickaCurrent":162,
        "healthModified":120,
        "fatigueBase":292,
        "fatigueModified":292,
        "healthBase":120,
        "magickaModified":162,
        "magickaBase":162,
        "fatigueCurrent":292
      },
      "equipment":{
        "2":{
          "refId":"fur_greaves",
          "count":1,
          "charge":-1,
          "enchantmentCharge":-1
        },
        "6":{
          "refId":"fur_bracer_right",
          "count":1,
          "charge":-1,
          "enchantmentCharge":-1
        },
        "7":{
          "refId":"netch_leather_boots",
          "count":1,
          "charge":-1,
          "enchantmentCharge":-1
        },
        "8":{
          "refId":"common_shirt_04_a",
          "count":1,
          "charge":-1,
          "enchantmentCharge":-1
        },
        "9":{
          "refId":"common_pants_05",
          "count":1,
          "charge":-1,
          "enchantmentCharge":-1
        },
        "14":{
          "refId":"common_amulet_01",
          "count":1,
          "charge":-1,
          "enchantmentCharge":-1
        },
        "16":{
          "refId":"iron longsword",
          "count":1,
          "charge":-1,
          "enchantmentCharge":-1
        }
      },
      "inventory":[{
          "refId":"fur_bracer_right",
          "count":1,
          "charge":-1,
          "enchantmentCharge":-1,
          "soul":""
        },{
          "refId":"netch_leather_boots",
          "count":1,
          "charge":-1,
          "enchantmentCharge":-1,
          "soul":""
        },{
          "refId":"fur_greaves",
          "count":1,
          "charge":-1,
          "enchantmentCharge":-1,
          "soul":""
        },{
          "refId":"common_amulet_01",
          "count":1,
          "charge":-1,
          "enchantmentCharge":-1,
          "soul":""
        },{
          "refId":"common_shirt_04_a",
          "count":1,
          "charge":-1,
          "enchantmentCharge":-1,
          "soul":""
        },{
          "refId":"common_pants_05",
          "count":1,
          "charge":-1,
          "enchantmentCharge":-1,
          "soul":""
        },{
          "refId":"iron longsword",
          "count":1,
          "charge":-1,
          "enchantmentCharge":-1,
          "soul":""
        }]
    },
    "340939-0":{
      "refId":"centurion_steam",
      "location":{
        "posX":3645.84375,
        "posZ":12417,
        "posY":4453.7900390625,
        "rotX":0,
        "rotY":0,
        "rotZ":0.029203318059444
      },
      "stats":{
        "healthCurrent":150,
        "magickaCurrent":30,
        "healthModified":150,
        "fatigueBase":1000,
        "fatigueModified":1000,
        "healthBase":150,
        "magickaModified":30,
        "magickaBase":30,
        "fatigueCurrent":1000
      },
      "inventory":[]
    },
    "306842-0":{
      "refId":"dwrv_barrel00",
      "inventory":[{
          "refId":"ingred_diamond_01",
          "count":1,
          "charge":-1,
          "enchantmentCharge":-1,
          "soul":""
        },{
          "refId":"ingred_raw_ebony_01",
          "count":1,
          "charge":-1,
          "enchantmentCharge":-1,
          "soul":""
        }]
    },
    "306836-0":{
      "refId":"dwrv_cabinet10",
      "inventory":[{
          "refId":"misc_dwrv_coin00",
          "count":1,
          "charge":-1,
          "enchantmentCharge":-1,
          "soul":""
        },{
          "refId":"misc_dwrv_gear00",
          "count":1,
          "charge":-1,
          "enchantmentCharge":-1,