{
  "packets":{
    "actorList":["0-1345","0-1346","0-1347","413154-0","413155-0","413156-0","413157-0"],
    "ai":[],
    "cellChangeFrom":[],
    "cellChangeTo":[],
    "container":["19132-0","19133-0","19134-0","19135-0","19137-0","19138-0","19139-0","19140-0","19141-0","19142-0","19143-0","19144-0","19145-0","19187-0","19188-0","19189-0","19222-0","19224-0","19225-0","19226-0","19227-0","19228-0","19229-0","19232-0","19233-0","19234-0","19235-0","19236-0","19237-0","19238-0","19242-0","413154-0","413155-0","413156-0","413157-0"],
    "death":[],
    "delete":[],
    "doorState":[],
    "equipment":["413154-0"],
    "lock":[],
    "place":[],
    "position":["413154-0","413155-0","413156-0","413157-0","0-1345","0-1346","0-1347"],
    "scale":[],
    "spawn":["0-1345","0-1346","0-1347"],
    "state":[],
    "statsDynamic":["413154-0","413155-0","413156-0","413157-0","0-1345","0-1346","0-1347"],
    "trap":[]
  },
  "entry":{
    "creationTime":1547248061,
    "description":"Gnisis, Lower Eggmine"
  },
  "lastVisit":{
    "urm":1547248062
  },
  "recordLinks":[],
  "objectData":{
    "19132-0":{
      "refId":"egg_kwama00",
      "inventory":[{
          "refId":"food_kwama_egg_02",
          "count":1,
          "charge":-1,
          "enchantmentCharge":-1,
          "soul":""
        }]
    },
    "19222-0":{
      "refId":"egg_kwama00",
      "inventory":[{
          "refId":"food_kwama_egg_02",
          "count":1,
          "charge":-1,
          "enchantmentCharge":-1,
          "soul":""
        }]
    },
    "19139-0":{
      "refId":"egg_kwama00",
      "inventory":[{
          "refId":"food_kwama_egg_02",
          "count":1,
          "charge":-1,
          "enchantmentCharge":-1,
          "soul":""
        }]
    },
    "19242-0":{
      "refId":"egg_kwama00",
      "inventory":[{
          "refId":"food_kwama_egg_02",
          "count":1,
          "charge":-1,
          "enchantmentCharge":-1,
          "soul":""
        }]
    },
    "0-1345":{
      "refId":"kwama worker",
      "location":{
        "posX":3356.9982910156,
        "posZ":139.9382019043,
        "posY":-4290.9653320313,
        "rotX":0,
        "rotY":0,
        "rotZ":4.5831847190857
      },
      "stats":{
        "healthCurrent":30,
        "magickaCurrent":8,
        "healthModified":30,
        "fatigueBase":300,
        "fatigueModified":300,
        "healthBase":30,
        "magickaModified":8,
        "magickaBase":8,
        "fatigueCurrent":300
      }
    },
    "19141-0":{
      "refId":"egg_kwama00",
      "inventory":[{
          "refId":"food_kwama_egg_02",
          "count":1,
          "charge":-1,
          "enchantmentCharge":-1,
          "soul":""
        }]
    },
    "413155-0":{
      "refId":"kwama queen_gnisis",
      "location":{
        "posX":1823.1987304688,
        "posZ":348.01034545898,
        "posY":-3229.7036132813,
        "rotX":0,
        "rotY":0,
        "rotZ":3.1199998855591
      },
      "stats":{
        "healthCurrent":50,
        "magickaCurrent":50,
        "healthModified":50,
        "fatigueBase":50,
        "fatigueModified":50,
        "healthBase":50,
        "magickaModified":50,
        "magickaBase":50,
        "fatigueCurrent":50
      },
      "inventory":[{
          "refId":"ingred_kwama_cuttle_01",
          "count":1,
          "charge":-1,
          "enchantmentCharge":-1,
          "soul":""
        },{
          "refId":"food_kwama_egg_02",
          "count":1,
          "charge":-1,
          "enchantmentCharge":-1,
          "soul":""
        }]
    },
    "0-1347":{
      "refId":"kwama forager",
      "location":{
        "posX":3373.9155273438,
        "posZ":139.0065612793,
        "posY":-4516.794921875,
        "rotX":0,
        "rotY":0,
        "rotZ":4.5831847190857
      },
      "stats":{
        "healthCurrent":23,
        "magickaCurrent":15,
        "healthModified":23,
        "fatigueBase":300,
        "fatigueModified":300,
        "healthBase":23,
        "magickaModified":15,
        "magickaBase":15,
        "fatigueCurrent":300
      }
    },
    "413157-0":{
      "refId":"kwama warrior blighted",
      "location":{
        "posX":1568.5759277344,
        "posZ":348.88006591797,
        "posY":-3269.8681640625,
        "rotX":-0.017636027187109,
        "rotY":0,
        "rotZ":2.5371086597443
      },
      "stats":{
        "healthCurrent":60,
        "magickaCurrent":30,
        "healthModified":60,
        "fatigueBase":400,
        "fatigueModified":400,
        "healthBase":60,
        "magickaModified":30,
        "magickaBase":30,
        "fatigueCurrent":400
      },
      "inventory":[{
          "refId":"ingred_kwama_cuttle_01",
          "count":1,
          "charge":-1,
          "enchantmentCharge":-1,
          "soul":""
        }]
    },
    "19188-0":{
      "refId":"egg_kwama00",
      "inventory":[{
          "refId":"food_kwama_egg_02",
          "count":1,
          "charge":-1,
          "enchantmentCharge":-1,
          "soul":""
        }]
    },
    "19144-0":{
      "refId":"egg_kwama00",
      "inventory":[{
          "refId":"food_kwama_egg_02",
          "count":1,
          "charge":-1,
          "enchantmentCharge":-1,
          "soul":""
        }]
    },
    "19227-0":{
      "refId":"egg_kwama00",
      "inventory":[{
          "refId":"food_kwama_egg_02",
          "count":1,
          "charge":-1,
          "enchantmentCharge":-1,
          "soul":""
        }]
    },
    "19229-0":{
      "refId":"egg_kwama00",
      "inventory":[{
          "refId":"food_kwama_egg_02",
          "count":1,
          "charge":-1,
          "enchantmentCharge":-1,
          "soul":""
        }]
    },
    "19187-0":{
      "refId":"egg_kwama00",
      "inventory":[{
          "refId":"food_kwama_egg_02",
          "count":1,
          "charge":-1,
          "enchantmentCharge":-1,
          "soul":""
        }]
    },
    "19237-0":{
      "refId":"egg_kwama00",
      "inventory":[{
          "refId":"food_kwama_egg_02",
          "count":1,
          "charge":-1,
          "enchantmentCharge":-1,
          "soul":""
        }]
    },
    "19143-0":{
      "refId":"egg_kwama00",
      "inventory":[{
          "refId":"food_kwama_egg_02",
          "count":1,
          "charge":-1,
          "enchantmentCharge":-1,
          "soul":""
        }]
    },
    "19134-0":{
      "refId":"egg_kwama00",
      "inventory":[{
          "refId":"food_kwama_egg_02",
          "count":1,
          "charge":-1,
          "enchantmentCharge":-1,
          "soul":""
        }]
    },
    "19140-0":{
      "refId":"egg_kwama00",
      "inventory":[{
          "refId":"food_kwama_egg_02",
          "count":1,
          "charge":-1,
          "enchantmentCharge":-1,
          "soul":""
        }]
    },
    "413154-0":{
      "refId":"lugrub gro-ogdum",
      "location":{
        "posX":1852.8630371094,
        "posZ":381.72396850586,
        "posY":-5390.8579101563,
        "rotX":0,
        "rotY":0,
        "rotZ":4.8131833076477
      },
      "stats":{
        "healthCurrent":66,
        "magickaCurrent":62,
        "healthModified":66,
        "fatigueBase":208,
        "fatigueModified":208,
        "healthBase":66,
        "magickaModified":62,
        "magickaBase":62,
        "fatigueCurrent":208
      },
      "equipment":{
        "1":{
          "refId":"imperial_chain_cuirass",
          "count":1,
          "charge":-1,
          "enchantmentCharge":-1
        },
        "2":{
          "refId":"imperial_chain_greaves",
          "count":1,
          "charge":-1,
          "enchantmentCharge":-1
        },
        "7":{
          "refId":"netch_leather_boots",
          "count":1,
          "charge":-1,
          "enchantmentCharge":-1
        },
        "16":{
          "refId":"iron war axe",
          "count":1,
          "charge":-1,
          "enchantmentCharge":-1
        },
        "9":{
          "refId":"common_pants_01",
          "count":1,