{
  "packets":{
    "actorList":["32198-0","32199-0","32200-0","32203-0","32204-0","32205-0","32210-0","32214-0","32217-0","32218-0"],
    "ai":[],
    "cellChangeFrom":[],
    "cellChangeTo":[],
    "container":["32155-0","32157-0","32201-0","32198-0","32199-0","32200-0","32203-0","32204-0","32205-0","32210-0","32214-0","32217-0","32218-0"],
    "death":[],
    "delete":[],
    "doorState":[],
    "equipment":["32198-0","32199-0","32200-0","32203-0","32204-0","32205-0","32210-0","32214-0","32217-0","32218-0"],
    "lock":[],
    "place":[],
    "position":["32198-0","32199-0","32200-0","32203-0","32204-0","32205-0","32210-0","32214-0","32217-0","32218-0"],
    "scale":[],
    "spawn":[],
    "state":[],
    "statsDynamic":["32198-0","32199-0","32200-0","32203-0","32204-0","32205-0","32210-0","32214-0","32217-0","32218-0"],
    "trap":[]
  },
  "entry":{
    "creationTime":1547248084,
    "description":"Hlormaren, Underground"
  },
  "lastVisit":{
    "urm":1547248084
  },
  "recordLinks":[],
  "objectData":{
    "32203-0":{
      "refId":"reemukeeus",
      "location":{
        "posX":1282.0439453125,
        "posZ":-127,
        "posY":-598.66394042969,
        "rotX":0,
        "rotY":0,
        "rotZ":4.8431849479675
      },
      "stats":{
        "healthCurrent":40,
        "magickaCurrent":77,
        "healthModified":40,
        "fatigueBase":160,
        "fatigueModified":160,
        "healthBase":40,
        "magickaModified":77,
        "magickaBase":80,
        "fatigueCurrent":160
      },
      "equipment":[null,null,null,null,null,{
          "refId":"slave_bracer_right",
          "count":1,
          "charge":-1,
          "enchantmentCharge":-1
        },null,null,{
          "refId":"common_pants_03",
          "count":1,
          "charge":-1,
          "enchantmentCharge":-1
        }],
      "inventory":[{
          "refId":"slave_bracer_right",
          "count":1,
          "charge":-1,
          "enchantmentCharge":-1,
          "soul":""
        },{
          "refId":"common_pants_03",
          "count":1,
          "charge":-1,
          "enchantmentCharge":-1,
          "soul":""
        }]
    },
    "32155-0":{
      "refId":"crate__02_skooma2",
      "inventory":[{
          "refId":"potion_skooma_01",
          "count":2,
          "charge":-1,
          "enchantmentCharge":-1,
          "soul":""
        }]
    },
    "32217-0":{
      "refId":"nisaba",
      "location":{
        "posX":-979.57897949219,
        "posZ":-127,
        "posY":-1715.7670898438,
        "rotX":0,
        "rotY":0,
        "rotZ":1.1399999856949
      },
      "stats":{
        "healthCurrent":40,
        "magickaCurrent":77,
        "healthModified":40,
        "fatigueBase":160,
        "fatigueModified":160,
        "healthBase":40,
        "magickaModified":77,
        "magickaBase":80,
        "fatigueCurrent":160
      },
      "equipment":[null,null,null,null,null,{
          "refId":"slave_bracer_right",
          "count":1,
          "charge":-1,
          "enchantmentCharge":-1
        },null,{
          "refId":"common_shirt_01",
          "count":1,
          "charge":-1,
          "enchantmentCharge":-1
        },null,{
          "refId":"common_skirt_05",
          "count":1,
          "charge":-1,
          "enchantmentCharge":-1
        }],
      "inventory":[{
          "refId":"slave_bracer_right",
          "count":1,
          "charge":-1,
          "enchantmentCharge":-1,
          "soul":""
        },{
          "refId":"common_skirt_05",
          "count":1,
          "charge":-1,
          "enchantmentCharge":-1,
          "soul":""
        },{
          "refId":"common_shirt_01",
          "count":1,
          "charge":-1,
          "enchantmentCharge":-1,
          "soul":""
        }]
    },
    "32198-0":{
      "refId":"sharog gra-ulfish",
      "location":{
        "posX":13.468386650085,
        "posZ":-127,
        "posY":-1014.7791748047,
        "rotX":0,
        "rotY":0,
        "rotZ":2.7009830474854
      },
      "stats":{
        "healthCurrent":111,
        "magickaCurrent":92,
        "healthModified":111,
        "fatigueBase":246,
        "fatigueModified":246,
        "healthBase":111,
        "magickaModified":92,
        "magickaBase":92,
        "fatigueCurrent":246
      },
      "equipment":{
        "2":{
          "refId":"fur_greaves",
          "count":1,
          "charge":-1,
          "enchantmentCharge":-1
        },
        "5":{
          "refId":"fur_gauntlet_left",
          "count":1,
          "charge":-1,
          "enchantmentCharge":-1
        },
        "6":{
          "refId":"fur_gauntlet_right",
          "count":1,
          "charge":-1,
          "enchantmentCharge":-1
        },
        "7":{
          "refId":"fur_boots",
          "count":1,
          "charge":-1,
          "enchantmentCharge":-1
        },
        "8":{
          "refId":"common_shirt_01",
          "count":1,
          "charge":-1,
          "enchantmentCharge":-1
        },
        "9":{
          "refId":"common_pants_04",
          "count":1,
          "charge":-1,
          "enchantmentCharge":-1
        },
        "16":{
          "refId":"steel axe",
          "count":1,
          "charge":-1,
          "enchantmentCharge":-1
        }
      },
      "inventory":[{
          "refId":"fur_gauntlet_right",
          "count":1,
          "charge":-1,
          "enchantmentCharge":-1,
          "soul":""
        },{
          "refId":"fur_gauntlet_left",
          "count":1,
          "charge":-1,
          "enchantmentCharge":-1,
          "soul":""
        },{
          "refId":"fur_boots",
          "count":1,
          "charge":-1,
          "enchantmentCharge":-1,
          "soul":""
        },{
          "refId":"fur_greaves",
          "count":1,
          "charge":-1,
          "enchantmentCharge":-1,
          "soul":""
        },{
          "refId":"common_shirt_01",
          "count":1,
          "charge":-1,
          "enchantmentCharge":-1,
          "soul":""
        },{
          "refId":"common_pants_04",
          "count":1,
          "charge":-1,
          "enchantmentCharge":-1,
          "soul":""
        },{
          "refId":"gold_001",
          "count":19,
          "charge":-1,
          "enchantmentCharge":-1,
          "soul":""
        },{
          "refId":"steel axe",
          "count":1,
          "charge":-1,
          "enchantmentCharge":-1,
          "soul":""
        }]
    },
    "32201-0":{
      "refId":"de_p_chest_02_berandass",
      "inventory":[{
          "refId":"gold_001",
          "count":272,
          "charge":-1,
          "enchantmentCharge":-1,
          "soul":""
        }]
    },
    "32214-0":{
      "refId":"s'renji",
      "location":{
        "posX":1270.3709716797,
        "posZ":-127,
        "posY":-1556.4864501953,
        "rotX":0,
        "rotY":0,
        "rotZ":4.8131856918335
      },
      "stats":{
        "healthCurrent":40,
        "magickaCurrent":77.019264221191,
        "healthModified":40,
        "fatigueBase":160,
        "fatigueModified":160,
        "healthBase":40,
        "magickaModified":77.019264221191,
        "magickaBase":80,
        "fatigueCurrent":160
      },
      "equipment":[null,null,null,null,null,{
          "refId":"slave_bracer_right",
          "count":1,
          "charge":-1,
          "enchantmentCharge":-1
        },null,null,{
          "refId":"common_pants_02",
          "count":1,
          "charge":-1,
          "enchantmentCharge":-1
        }],
      "inventory":[{
          "refId":"slave_bracer_right",
          "count":1,
          "charge":-1,
          "enchantmentCharge":-1,
          "soul":""
        },{
          "refId":"common_pants_02",
          "count":1,
          "charge":-1,
          "enchantmentCharge":-1,
          "soul":""
        }]
    },
    "32205-0":{
      "refId":"dreaded_water",
      "location":{
        "posX":-1148.779296875,