{
  "packets":{
    "actorList":["381455-0","381456-0","381457-0","381458-0","381459-0","381460-0"],
    "ai":[],
    "cellChangeFrom":[],
    "cellChangeTo":[],
    "container":["381455-0","381456-0","381457-0","381458-0","381459-0","381460-0"],
    "death":[],
    "delete":[],
    "doorState":[],
    "equipment":[],
    "lock":[],
    "place":[],
    "position":["381455-0","381456-0","381457-0","381458-0","381459-0","381460-0"],
    "scale":[],
    "spawn":[],
    "state":[],
    "statsDynamic":["381455-0","381456-0","381457-0","381458-0","381459-0","381460-0"],
    "trap":[]
  },
  "entry":{
    "creationTime":1547248101,
    "description":"Kogoruhn, Charma's Breath"
  },
  "lastVisit":{
    "urm":1547248102
  },
  "recordLinks":[],
  "objectData":{
    "381457-0":{
      "refId":"dagoth fervas",
      "location":{
        "posX":2830.564453125,
        "posZ":12105.08203125,
        "posY":2580.1450195313,
        "rotX":0.056078523397446,
        "rotY":0,
        "rotZ":1.6604030132294
      },
      "stats":{
        "healthCurrent":240,
        "magickaCurrent":52,
        "healthModified":240,
        "fatigueBase":215,
        "fatigueModified":215,
        "healthBase":240,
        "magickaModified":52,
        "magickaBase":52,
        "fatigueCurrent":215
      },
      "inventory":[{
          "refId":"amulet of 6th house",
          "count":1,
          "charge":-1,
          "enchantmentCharge":-1,
          "soul":""
        }]
    },
    "381459-0":{
      "refId":"dagoth daynil",
      "location":{
        "posX":6446.6665039063,
        "posZ":12117.912109375,
        "posY":4035.8601074219,
        "rotX":0,
        "rotY":0,
        "rotZ":4.2831864356995
      },
      "stats":{
        "healthCurrent":240,
        "magickaCurrent":68,
        "healthModified":240,
        "fatigueBase":215,
        "fatigueModified":215,
        "healthBase":240,
        "magickaModified":68,
        "magickaBase":68,
        "fatigueCurrent":215
      },
      "inventory":[{
          "refId":"amulet of 6th house",
          "count":1,
          "charge":-1,
          "enchantmentCharge":-1,
          "soul":""
        }]
    },
    "381460-0":{
      "refId":"dagoth uthol",
      "location":{
        "posX":2409.5590820313,
        "posZ":12064.397460938,
        "posY":1291.3576660156,
        "rotX":0,
        "rotY":0,
        "rotZ":0
      },
      "stats":{
        "healthCurrent":300,
        "magickaCurrent":350,
        "healthModified":300,
        "fatigueBase":900,
        "fatigueModified":900,
        "healthBase":300,
        "magickaModified":350,
        "magickaBase":350,
        "fatigueCurrent":900
      },
      "inventory":[{
          "refId":"amulet of 6th house",
          "count":1,
          "charge":-1,
          "enchantmentCharge":-1,
          "soul":""
        },{
          "refId":"belt of heartfire",
          "count":1,
          "charge":-1,
          "enchantmentCharge":-1,
          "soul":""
        },{
          "refId":"ingred_ash_salts_01",
          "count":1,
          "charge":-1,
          "enchantmentCharge":-1,
          "soul":""
        }]
    },
    "381455-0":{
      "refId":"atronach_flame",
      "location":{
        "posX":5976.7983398438,
        "posZ":11985.731445313,
        "posY":6176.8647460938,
        "rotX":-0.010991751216352,
        "rotY":0,
        "rotZ":-0.47758007049561
      },
      "stats":{
        "healthCurrent":75,
        "magickaCurrent":105,
        "healthModified":75,
        "fatigueBase":600,
        "fatigueModified":600,
        "healthBase":75,
        "magickaModified":105,
        "magickaBase":105,
        "fatigueCurrent":600
      },
      "inventory":[{
          "refId":"ingred_fire_salts_01",
          "count":1,
          "charge":-1,
          "enchantmentCharge":-1,
          "soul":""
        }]
    },
    "381458-0":{
      "refId":"bonelord",
      "location":{
        "posX":5507.1494140625,
        "posZ":12344.478515625,
        "posY":2499.4858398438,
        "rotX":0,
        "rotY":0,
        "rotZ":-1.1224186420441
      },
      "stats":{
        "healthCurrent":90,
        "magickaCurrent":400,
        "healthModified":90,
        "fatigueBase":500,
        "fatigueModified":500,
        "healthBase":90,
        "magickaModified":400,
        "magickaBase":400,
        "fatigueCurrent":500
      },
      "inventory":[{
          "refId":"ingred_bonemeal_01",
          "count":6,
          "charge":-1,
          "enchantmentCharge":-1,
          "soul":""
        }]
    },
    "381456-0":{
      "refId":"bonewalker_greater",
      "location":{
        "posX":2343.6506347656,
        "posZ":12088.546875,
        "posY":4205.9174804688,
        "rotX":0,
        "rotY":0,
        "rotZ":0
      },
      "stats":{
        "healthCurrent":100,
        "magickaCurrent":75,
        "healthModified":100,
        "fatigueBase":250,
        "fatigueModified":250,
        "healthBase":100,
        "magickaModified":75,
        "magickaBase":75,
        "fatigueCurrent":250
      },
      "inventory":[{
          "refId":"ingred_bonemeal_01",
          "count":3,
          "charge":-1,
          "enchantmentCharge":-1,
          "soul":""
        },{
          "refId":"misc_soulgem_lesser",
          "count":1,
          "charge":-1,
          "enchantmentCharge":-1,
          "soul":""
        }]
    }
  }
}