{
  "packets":{
    "actorList":["0-1450","0-1451","0-1452","383150-0","383151-0","383152-0","383153-0","383154-0","383155-0","383156-0","383157-0"],
    "ai":[],
    "cellChangeFrom":[],
    "cellChangeTo":[],
    "container":["383150-0","383151-0","383152-0","383153-0","383154-0","383155-0","383156-0","383157-0"],
    "death":[],
    "delete":[],
    "doorState":[],
    "equipment":["383150-0","383151-0","383152-0","383153-0","383154-0","383155-0","383156-0","383157-0"],
    "lock":[],
    "place":[],
    "position":["383150-0","383151-0","383152-0","383153-0","383154-0","383155-0","383156-0","383157-0"],
    "scale":[],
    "spawn":["0-1450","0-1451","0-1452"],
    "state":[],
    "statsDynamic":["383150-0","383151-0","383152-0","383153-0","383154-0","383155-0","383156-0","383157-0"],
    "trap":[]
  },
  "entry":{
    "creationTime":1547248130,
    "description":"Mamaea, Shrine of Pitted Dreams"
  },
  "lastVisit":{
    "urm":1547248131
  },
  "recordLinks":[],
  "objectData":{
    "383152-0":{
      "refId":"dreamer",
      "location":{
        "posX":2393.5686035156,
        "posZ":14853.509765625,
        "posY":1274.8444824219,
        "rotX":0,
        "rotY":0,
        "rotZ":0
      },
      "stats":{
        "healthCurrent":40,
        "magickaCurrent":80,
        "healthModified":40,
        "fatigueBase":140,
        "fatigueModified":140,
        "healthBase":40,
        "magickaModified":80,
        "magickaBase":80,
        "fatigueCurrent":140
      },
      "equipment":{
        "16":{
          "refId":"iron club",
          "count":1,
          "charge":-1,
          "enchantmentCharge":-1
        }
      },
      "inventory":[{
          "refId":"ingred_6th_corprusmeat_01",
          "count":1,
          "charge":-1,
          "enchantmentCharge":-1,
          "soul":""
        },{
          "refId":"iron club",
          "count":1,
          "charge":-1,
          "enchantmentCharge":-1,
          "soul":""
        }]
    },
    "383154-0":{
      "refId":"dreamer",
      "location":{
        "posX":2168.1096191406,
        "posZ":15140.374023438,
        "posY":3451.9990234375,
        "rotX":0,
        "rotY":0,
        "rotZ":0
      },
      "stats":{
        "healthCurrent":40,
        "magickaCurrent":80,
        "healthModified":40,
        "fatigueBase":140,
        "fatigueModified":140,
        "healthBase":40,
        "magickaModified":80,
        "magickaBase":80,
        "fatigueCurrent":140
      },
      "equipment":{
        "16":{
          "refId":"iron club",
          "count":1,
          "charge":-1,
          "enchantmentCharge":-1
        }
      },
      "inventory":[{
          "refId":"ingred_6th_corprusmeat_01",
          "count":1,
          "charge":-1,
          "enchantmentCharge":-1,
          "soul":""
        },{
          "refId":"iron club",
          "count":1,
          "charge":-1,
          "enchantmentCharge":-1,
          "soul":""
        }]
    },
    "383157-0":{
      "refId":"skeleton hero dead",
      "location":{
        "posX":5557.8247070313,
        "posZ":14771.659179688,
        "posY":-72.863807678223,
        "rotX":0,
        "rotY":0,
        "rotZ":0
      },
      "stats":{
        "healthCurrent":0,
        "magickaCurrent":30,
        "healthModified":0,
        "fatigueBase":400,
        "fatigueModified":400,
        "healthBase":0,
        "magickaModified":30,
        "magickaBase":30,
        "fatigueCurrent":400
      },
      "equipment":[],
      "inventory":[{
          "refId":"ingred_bonemeal_01",
          "count":2,
          "charge":-1,
          "enchantmentCharge":-1,
          "soul":""
        },{
          "refId":"gold_001",
          "count":3,
          "charge":-1,
          "enchantmentCharge":-1,
          "soul":""
        },{
          "refId":"iron club",
          "count":1,
          "charge":-1,
          "enchantmentCharge":-1,
          "soul":""
        }]
    },
    "0-1452":{
      "refId":"ash_slave",
      "location":{
        "posX":2747.8044433594,
        "posZ":14611.272460938,
        "posY":-2166.2094726563,
        "rotX":0,
        "rotY":0,
        "rotZ":0
      }
    },
    "0-1451":{
      "refId":"ash_slave",
      "location":{
        "posX":3896.6279296875,
        "posZ":14971.495117188,
        "posY":96.340965270996,
        "rotX":0,
        "rotY":0,
        "rotZ":0
      }
    },
    "383156-0":{
      "refId":"skeleton hero dead",
      "location":{
        "posX":5282.2983398438,
        "posZ":14780.430664063,
        "posY":-248.86328125,
        "rotX":0,
        "rotY":0,
        "rotZ":0
      },
      "stats":{
        "healthCurrent":0,
        "magickaCurrent":30,
        "healthModified":0,
        "fatigueBase":400,
        "fatigueModified":400,
        "healthBase":0,
        "magickaModified":30,
        "magickaBase":30,
        "fatigueCurrent":400
      },
      "equipment":[],
      "inventory":[{
          "refId":"ingred_bonemeal_01",
          "count":2,
          "charge":-1,
          "enchantmentCharge":-1,
          "soul":""
        },{
          "refId":"gold_001",
          "count":3,
          "charge":-1,
          "enchantmentCharge":-1,
          "soul":""
        },{
          "refId":"iron broadsword",
          "count":1,
          "charge":-1,
          "enchantmentCharge":-1,
          "soul":""
        }]
    },
    "383153-0":{
      "refId":"dreamer",
      "location":{
        "posX":1779.7739257813,
        "posZ":15344.716796875,
        "posY":-99.452987670898,
        "rotX":0,
        "rotY":0,
        "rotZ":0
      },
      "stats":{
        "healthCurrent":40,
        "magickaCurrent":80,
        "healthModified":40,
        "fatigueBase":140,
        "fatigueModified":140,
        "healthBase":40,
        "magickaModified":80,
        "magickaBase":80,
        "fatigueCurrent":140
      },
      "equipment":{
        "16":{
          "refId":"iron club",
          "count":1,
          "charge":-1,
          "enchantmentCharge":-1
        }
      },
      "inventory":[{
          "refId":"ingred_6th_corprusmeat_01",
          "count":1,
          "charge":-1,
          "enchantmentCharge":-1,
          "soul":""
        },{
          "refId":"iron club",
          "count":1,
          "charge":-1,
          "enchantmentCharge":-1,
          "soul":""
        }]
    },
    "383150-0":{
      "refId":"dreamer",
      "location":{
        "posX":4248.2221679688,
        "posZ":14938.591796875,
        "posY":-27.452205657959,
        "rotX":0,
        "rotY":0,
        "rotZ":0
      },
      "stats":{
        "healthCurrent":40,
        "magickaCurrent":80,
        "healthModified":40,
        "fatigueBase":140,
        "fatigueModified":140,
        "healthBase":40,
        "magickaModified":80,
        "magickaBase":80,
        "fatigueCurrent":140
      },
      "equipment":{
        "16":{
          "refId":"iron club",
          "count":1,
          "charge":-1,
          "enchantmentCharge":-1
        }
      },
      "inventory":[{
          "refId":"ingred_6th_corprusmeat_01",
          "count":1,
          "charge":-1,
          "enchantmentCharge":-1,
          "soul":""
        },{
          "refId":"iron club",
          "count":1,
          "charge":-1,
          "enchantmentCharge":-1,
          "soul":""
        }]
    },
    "0-1450":{
      "refId":"ash_slave",
      "location":{
        "posX":5543.3076171875,
        "posZ":14845.572265625,
        "posY":1345.8930664063,
        "rotX":0,
        "rotY":0,
        "rotZ":0
      }
    },
    "383155-0":{
      "refId":"dreamer priest",
      "location":{
        "posX":4205.5532226563,
        "posZ":14609.787109375,
        "posY":-2287.4379882813,
        "rotX":0,
        "rotY":0,
        "rotZ":5.2831864356995
      },
      "stats":{
        "healthCurrent":40,
        "magickaCurrent":82,
        "healthModified":40,
        "fatigueBase":158,
        "fatigueModified":158,