{
  "packets":{
    "actorList":["0-1447","0-1448","0-1449","382936-0","382937-0","382938-0","382939-0","382940-0","382941-0","440128-0"],
    "ai":[],
    "cellChangeFrom":[],
    "cellChangeTo":[],
    "container":["382936-0","382937-0","382938-0","382939-0","382940-0","382941-0","440128-0"],
    "death":[],
    "delete":[],
    "doorState":[],
    "equipment":["382936-0","382937-0","382938-0","382939-0","382940-0","382941-0"],
    "lock":[],
    "place":[],
    "position":["382936-0","382937-0","382938-0","382939-0","382940-0","382941-0","440128-0","0-1447","0-1448","0-1449"],
    "scale":[],
    "spawn":["0-1447","0-1448","0-1449"],
    "state":[],
    "statsDynamic":["382936-0","382937-0","382938-0","382939-0","382940-0","382941-0","440128-0","0-1447","0-1448","0-1449"],
    "trap":[]
  },
  "entry":{
    "creationTime":1547248130,
    "description":"Mamaea, Sanctum of Black Hope"
  },
  "lastVisit":{
    "urm":1547248130
  },
  "recordLinks":[],
  "objectData":{
    "0-1447":{
      "refId":"ash_slave",
      "location":{
        "posX":3212.8227539063,
        "posZ":359.27770996094,
        "posY":-2593.6071777344,
        "rotX":0,
        "rotY":0,
        "rotZ":0
      },
      "stats":{
        "healthCurrent":60,
        "magickaCurrent":142,
        "healthModified":60,
        "fatigueBase":344,
        "fatigueModified":344,
        "healthBase":60,
        "magickaModified":142,
        "magickaBase":142,
        "fatigueCurrent":344
      }
    },
    "382941-0":{
      "refId":"hannat zainsubani",
      "location":{
        "posX":7597.580078125,
        "posZ":97,
        "posY":-3793.3225097656,
        "rotX":0,
        "rotY":0,
        "rotZ":0
      },
      "stats":{
        "healthCurrent":85,
        "magickaCurrent":26,
        "healthModified":85,
        "fatigueBase":217,
        "fatigueModified":217,
        "healthBase":85,
        "magickaModified":26,
        "magickaBase":26,
        "fatigueCurrent":217
      },
      "equipment":[null,null,null,null,null,null,null,null,{
          "refId":"common_pants_04",
          "count":1,
          "charge":-1,
          "enchantmentCharge":-1
        }],
      "inventory":[{
          "refId":"common_pants_04",
          "count":1,
          "charge":-1,
          "enchantmentCharge":-1,
          "soul":""
        }]
    },
    "0-1449":{
      "refId":"ash_slave",
      "location":{
        "posX":6279.8217773438,
        "posZ":74.865287780762,
        "posY":49.15266418457,
        "rotX":0,
        "rotY":0,
        "rotZ":0
      },
      "stats":{
        "healthCurrent":60,
        "magickaCurrent":154,
        "healthModified":60,
        "fatigueBase":350,
        "fatigueModified":350,
        "healthBase":60,
        "magickaModified":154,
        "magickaBase":154,
        "fatigueCurrent":350
      }
    },
    "382939-0":{
      "refId":"dreamer",
      "location":{
        "posX":2163.9321289063,
        "posZ":94.419822692871,
        "posY":-25.699853897095,
        "rotX":0,
        "rotY":0,
        "rotZ":0
      },
      "stats":{
        "healthCurrent":40,
        "magickaCurrent":80,
        "healthModified":40,
        "fatigueBase":140,
        "fatigueModified":140,
        "healthBase":40,
        "magickaModified":80,
        "magickaBase":80,
        "fatigueCurrent":140
      },
      "equipment":{
        "16":{
          "refId":"iron club",
          "count":1,
          "charge":-1,
          "enchantmentCharge":-1
        }
      },
      "inventory":[{
          "refId":"ingred_6th_corprusmeat_01",
          "count":1,
          "charge":-1,
          "enchantmentCharge":-1,
          "soul":""
        },{
          "refId":"iron club",
          "count":1,
          "charge":-1,
          "enchantmentCharge":-1,
          "soul":""
        }]
    },
    "382938-0":{
      "refId":"dreamer guard",
      "location":{
        "posX":1198.4185791016,
        "posZ":91.596801757813,
        "posY":-1399.6727294922,
        "rotX":0,
        "rotY":0,
        "rotZ":0
      },
      "stats":{
        "healthCurrent":50,
        "magickaCurrent":84,
        "healthModified":50,
        "fatigueBase":174,
        "fatigueModified":174,
        "healthBase":50,
        "magickaModified":84,
        "magickaBase":84,
        "fatigueCurrent":174
      },
      "equipment":{
        "1":{
          "refId":"steel_cuirass",
          "count":1,
          "charge":-1,
          "enchantmentCharge":-1
        },
        "7":{
          "refId":"fur_boots",
          "count":1,
          "charge":-1,
          "enchantmentCharge":-1
        },
        "16":{
          "refId":"steel shortsword",
          "count":1,
          "charge":-1,
          "enchantmentCharge":-1
        }
      },
      "inventory":[{
          "refId":"fur_boots",
          "count":1,
          "charge":-1,
          "enchantmentCharge":-1,
          "soul":""
        },{
          "refId":"steel_cuirass",
          "count":1,
          "charge":-1,
          "enchantmentCharge":-1,
          "soul":""
        },{
          "refId":"ingred_6th_corprusmeat_03",
          "count":1,
          "charge":-1,
          "enchantmentCharge":-1,
          "soul":""
        },{
          "refId":"mamaea quarters key",
          "count":1,
          "charge":-1,
          "enchantmentCharge":-1,
          "soul":""
        },{
          "refId":"steel shortsword",
          "count":1,
          "charge":-1,
          "enchantmentCharge":-1,
          "soul":""
        }]
    },
    "382937-0":{
      "refId":"dreamer",
      "location":{
        "posX":6294.5205078125,
        "posZ":98.346939086914,
        "posY":-1659.3696289063,
        "rotX":0,
        "rotY":0,
        "rotZ":0
      },
      "stats":{
        "healthCurrent":40,
        "magickaCurrent":80,
        "healthModified":40,
        "fatigueBase":140,
        "fatigueModified":140,
        "healthBase":40,
        "magickaModified":80,
        "magickaBase":80,
        "fatigueCurrent":140
      },
      "equipment":{
        "16":{
          "refId":"iron club",
          "count":1,
          "charge":-1,
          "enchantmentCharge":-1
        }
      },
      "inventory":[{
          "refId":"ingred_6th_corprusmeat_01",
          "count":1,
          "charge":-1,
          "enchantmentCharge":-1,
          "soul":""
        },{
          "refId":"iron club",
          "count":1,
          "charge":-1,
          "enchantmentCharge":-1,
          "soul":""
        }]
    },
    "0-1448":{
      "refId":"ash_slave",
      "location":{
        "posX":6006.5771484375,
        "posZ":96.999992370605,
        "posY":-3728.9619140625,
        "rotX":0,
        "rotY":0,
        "rotZ":0
      },
      "stats":{
        "healthCurrent":60,
        "magickaCurrent":122,
        "healthModified":60,
        "fatigueBase":347,
        "fatigueModified":347,
        "healthBase":60,
        "magickaModified":122,
        "magickaBase":122,
        "fatigueCurrent":347
      }
    },
    "382940-0":{
      "refId":"dreamer",
      "location":{
        "posX":3985.3837890625,
        "posZ":733.61737060547,
        "posY":160.05583190918,
        "rotX":0,
        "rotY":0,
        "rotZ":0
      },
      "stats":{
        "healthCurrent":40,
        "magickaCurrent":80,
        "healthModified":40,
        "fatigueBase":140,
        "fatigueModified":140,
        "healthBase":40,
        "magickaModified":80,
        "magickaBase":80,
        "fatigueCurrent":140
      },
      "equipment":{
        "16":{
          "refId":"iron club",
          "count":1,
          "charge":-1,
          "enchantmentCharge":-1
        }
      },
      "inventory":[{
          "refId":"ingred_6th_corprusmeat_01",
          "count":1,
          "charge":-1,
          "enchantmentCharge":-1,
          "soul":""
        },{
          "refId":"iron club",
          "count":1,
          "charge":-1,
          "enchantmentCharge":-1,