{
  "packets":{
    "actorList":["0-1453","0-1454","0-1455","0-1456","0-1457","0-1458","0-1459","0-1460","101698-0","101699-0","101708-0","101709-0"],
    "ai":[],
    "cellChangeFrom":[],
    "cellChangeTo":[],
    "container":["421588-0","421589-0","101698-0","101699-0","101708-0","101709-0"],
    "death":[],
    "delete":[],
    "doorState":[],
    "equipment":["101698-0","101699-0","101708-0","101709-0"],
    "lock":[],
    "place":[],
    "position":["101698-0","101699-0","101708-0","101709-0","0-1453","0-1454","0-1455","0-1456","0-1457","0-1458","0-1459","0-1460"],
    "scale":[],
    "spawn":["0-1453","0-1454","0-1455","0-1456","0-1457","0-1458","0-1459","0-1460"],
    "state":[],
    "statsDynamic":["101698-0","101699-0","101708-0","101709-0","0-1453","0-1454","0-1455","0-1456","0-1457","0-1458","0-1459","0-1460"],
    "trap":[]
  },
  "entry":{
    "creationTime":1547248132,
    "description":"Maran-Adon"
  },
  "lastVisit":{
    "urm":1547248133
  },
  "recordLinks":[],
  "objectData":{
    "101709-0":{
      "refId":"dreamer_02",
      "location":{
        "posX":-2925.3518066406,
        "posZ":12943.381835938,
        "posY":3607.0205078125,
        "rotX":0,
        "rotY":0,
        "rotZ":0
      },
      "stats":{
        "healthCurrent":40,
        "magickaCurrent":80,
        "healthModified":40,
        "fatigueBase":160,
        "fatigueModified":160,
        "healthBase":40,
        "magickaModified":80,
        "magickaBase":80,
        "fatigueCurrent":160
      },
      "equipment":{
        "16":{
          "refId":"iron club",
          "count":1,
          "charge":-1,
          "enchantmentCharge":-1
        }
      },
      "inventory":[{
          "refId":"iron club",
          "count":1,
          "charge":-1,
          "enchantmentCharge":-1,
          "soul":""
        }]
    },
    "421588-0":{
      "refId":"chest_small_01_goldr500",
      "inventory":[{
          "refId":"gold_001",
          "count":402,
          "charge":-1,
          "enchantmentCharge":-1,
          "soul":""
        }]
    },
    "0-1459":{
      "refId":"corprus_stalker",
      "location":{
        "posX":2365.7766113281,
        "posZ":13701.452148438,
        "posY":7111.5786132813,
        "rotX":0,
        "rotY":0,
        "rotZ":0
      },
      "stats":{
        "healthCurrent":60,
        "magickaCurrent":50,
        "healthModified":60,
        "fatigueBase":300,
        "fatigueModified":300,
        "healthBase":60,
        "magickaModified":50,
        "magickaBase":50,
        "fatigueCurrent":300
      }
    },
    "421589-0":{
      "refId":"chest_small_02_gems",
      "inventory":[{
          "refId":"ingred_pearl_01",
          "count":1,
          "charge":-1,
          "enchantmentCharge":-1,
          "soul":""
        },{
          "refId":"ingred_emerald_01",
          "count":1,
          "charge":-1,
          "enchantmentCharge":-1,
          "soul":""
        },{
          "refId":"ingred_diamond_01",
          "count":1,
          "charge":-1,
          "enchantmentCharge":-1,
          "soul":""
        },{
          "refId":"ingred_ruby_01",
          "count":2,
          "charge":-1,
          "enchantmentCharge":-1,
          "soul":""
        }]
    },
    "0-1454":{
      "refId":"ash_slave",
      "location":{
        "posX":1166.6086425781,
        "posZ":13603.158203125,
        "posY":6853.6875,
        "rotX":0,
        "rotY":0,
        "rotZ":0
      },
      "stats":{
        "healthCurrent":60,
        "magickaCurrent":148,
        "healthModified":60,
        "fatigueBase":353,
        "fatigueModified":353,
        "healthBase":60,
        "magickaModified":148,
        "magickaBase":148,
        "fatigueCurrent":353
      }
    },
    "0-1453":{
      "refId":"corprus_stalker",
      "location":{
        "posX":-1360.1243896484,
        "posZ":13497.89453125,
        "posY":4862.8403320313,
        "rotX":0,
        "rotY":0,
        "rotZ":3.7999994754791
      },
      "stats":{
        "healthCurrent":60,
        "magickaCurrent":50,
        "healthModified":60,
        "fatigueBase":300,
        "fatigueModified":300,
        "healthBase":60,
        "magickaModified":50,
        "magickaBase":50,
        "fatigueCurrent":300
      }
    },
    "0-1458":{
      "refId":"corprus_stalker",
      "location":{
        "posX":-1879.3150634766,
        "posZ":12918.168945313,
        "posY":4653.55859375,
        "rotX":0,
        "rotY":0,
        "rotZ":0
      },
      "stats":{
        "healthCurrent":60,
        "magickaCurrent":50,
        "healthModified":60,
        "fatigueBase":300,
        "fatigueModified":300,
        "healthBase":60,
        "magickaModified":50,
        "magickaBase":50,
        "fatigueCurrent":300
      }
    },
    "101708-0":{
      "refId":"dreamer_f_01",
      "location":{
        "posX":-2792.23046875,
        "posZ":12943.381835938,
        "posY":3697.376953125,
        "rotX":0,
        "rotY":0,
        "rotZ":0.09999942779541
      },
      "stats":{
        "healthCurrent":35,
        "magickaCurrent":80,
        "healthModified":35,
        "fatigueBase":150,
        "fatigueModified":150,
        "healthBase":35,
        "magickaModified":80,
        "magickaBase":80,
        "fatigueCurrent":150
      },
      "equipment":{
        "16":{
          "refId":"iron club",
          "count":1,
          "charge":-1,
          "enchantmentCharge":-1
        }
      },
      "inventory":[{
          "refId":"ingred_6th_corprusmeat_04",
          "count":1,
          "charge":-1,
          "enchantmentCharge":-1,
          "soul":""
        },{
          "refId":"iron club",
          "count":1,
          "charge":-1,
          "enchantmentCharge":-1,
          "soul":""
        }]
    },
    "0-1460":{
      "refId":"ash_slave",
      "location":{
        "posX":-81.577941894531,
        "posZ":13608.330078125,
        "posY":10752.013671875,
        "rotX":0,
        "rotY":0,
        "rotZ":0
      },
      "stats":{
        "healthCurrent":60,
        "magickaCurrent":128,
        "healthModified":60,
        "fatigueBase":351,
        "fatigueModified":351,
        "healthBase":60,
        "magickaModified":128,
        "magickaBase":128,
        "fatigueCurrent":351
      }
    },
    "0-1455":{
      "refId":"corprus_stalker",
      "location":{
        "posX":-700.85754394531,
        "posZ":13580.853515625,
        "posY":9681.140625,
        "rotX":0,
        "rotY":0,
        "rotZ":0
      },
      "stats":{
        "healthCurrent":60,
        "magickaCurrent":50,
        "healthModified":60,
        "fatigueBase":300,
        "fatigueModified":300,
        "healthBase":60,
        "magickaModified":50,
        "magickaBase":50,
        "fatigueCurrent":300
      }
    },
    "101699-0":{
      "refId":"dreamer",
      "location":{
        "posX":-186.07861328125,
        "posZ":13611.705078125,
        "posY":11110.302734375,
        "rotX":0,
        "rotY":0,
        "rotZ":2.8331854343414
      },
      "stats":{
        "healthCurrent":40,
        "magickaCurrent":80,
        "healthModified":40,
        "fatigueBase":140,
        "fatigueModified":140,
        "healthBase":40,
        "magickaModified":80,
        "magickaBase":80,
        "fatigueCurrent":140
      },
      "equipment":{
        "16":{
          "refId":"iron club",
          "count":1,
          "charge":-1,
          "enchantmentCharge":-1
        }
      },
      "inventory":[{
          "refId":"ingred_6th_corprusmeat_01",
          "count":1,
          "charge":-1,
          "enchantmentCharge":-1,
          "soul":""
        },{
          "refId":"iron club",
          "count":1,
          "charge":-1,
          "enchantmentCharge":-1,
          "soul":""
        }]
    },
    "101698-0":{
      "refId":"dreamer_02",
      "location":{
        "posX":337.46487426758,
        "posZ":13527.943359375,
        "posY":10817.873046875,
        "rotX":0,
        "rotY":0,