{
  "packets":{
    "actorList":["0-1505","0-1506","0-1507","0-1508","0-1509","0-1510","0-1511","0-1512","51736-0"],
    "ai":[],
    "cellChangeFrom":[],
    "cellChangeTo":[],
    "container":["51727-0","51728-0","51730-0","51731-0","51733-0","51739-0","51740-0","51741-0","51742-0","51744-0","51745-0","51746-0","51748-0","51754-0","51755-0","51756-0","51757-0","51760-0","51763-0","51764-0","51765-0","51766-0","51767-0","51768-0","51875-0","51886-0","51888-0","51889-0","51890-0","51909-0","51910-0","51911-0","51913-0","51914-0","51917-0","51736-0"],
    "death":[],
    "delete":[],
    "doorState":[],
    "equipment":[],
    "lock":[],
    "place":[],
    "position":["51736-0","0-1505","0-1506","0-1507","0-1508","0-1509","0-1510","0-1511","0-1512"],
    "scale":[],
    "spawn":["0-1505","0-1506","0-1507","0-1508","0-1509","0-1510","0-1511","0-1512"],
    "state":[],
    "statsDynamic":["51736-0","0-1505","0-1506","0-1507","0-1508","0-1509","0-1510","0-1511","0-1512"],
    "trap":[]
  },
  "entry":{
    "creationTime":1547248144,
    "description":"Missir-Dadalit Egg Mine"
  },
  "lastVisit":{
    "urm":1547248145
  },
  "recordLinks":[],
  "objectData":{
    "0-1507":{
      "refId":"scrib diseased",
      "location":{
        "posX":2155.7883300781,
        "posZ":-1095.6402587891,
        "posY":4057.65234375,
        "rotX":0,
        "rotY":0,
        "rotZ":3.1000003814697
      },
      "stats":{
        "healthCurrent":8,
        "magickaCurrent":12,
        "healthModified":8,
        "fatigueBase":80,
        "fatigueModified":80,
        "healthBase":8,
        "magickaModified":12,
        "magickaBase":12,
        "fatigueCurrent":80
      }
    },
    "0-1511":{
      "refId":"kwama forager",
      "location":{
        "posX":1746.5936279297,
        "posZ":-1663.2097167969,
        "posY":1379.8393554688,
        "rotX":0,
        "rotY":0,
        "rotZ":0
      },
      "stats":{
        "healthCurrent":23,
        "magickaCurrent":15,
        "healthModified":23,
        "fatigueBase":300,
        "fatigueModified":300,
        "healthBase":23,
        "magickaModified":15,
        "magickaBase":15,
        "fatigueCurrent":300
      }
    },
    "0-1509":{
      "refId":"kwama forager",
      "location":{
        "posX":1214.4819335938,
        "posZ":-767.34954833984,
        "posY":4921.337890625,
        "rotX":0,
        "rotY":0,
        "rotZ":0
      },
      "stats":{
        "healthCurrent":23,
        "magickaCurrent":15,
        "healthModified":23,
        "fatigueBase":300,
        "fatigueModified":300,
        "healthBase":23,
        "magickaModified":15,
        "magickaBase":15,
        "fatigueCurrent":300
      }
    },
    "51764-0":{
      "refId":"egg_kwama00",
      "inventory":[{
          "refId":"food_kwama_egg_02",
          "count":1,
          "charge":-1,
          "enchantmentCharge":-1,
          "soul":""
        }]
    },
    "51742-0":{
      "refId":"egg_kwama00",
      "inventory":[{
          "refId":"food_kwama_egg_02",
          "count":1,
          "charge":-1,
          "enchantmentCharge":-1,
          "soul":""
        }]
    },
    "51757-0":{
      "refId":"egg_kwama00",
      "inventory":[{
          "refId":"food_kwama_egg_02",
          "count":1,
          "charge":-1,
          "enchantmentCharge":-1,
          "soul":""
        }]
    },
    "51909-0":{
      "refId":"egg_kwama00",
      "inventory":[{
          "refId":"food_kwama_egg_02",
          "count":1,
          "charge":-1,
          "enchantmentCharge":-1,
          "soul":""
        }]
    },
    "51727-0":{
      "refId":"egg_kwama00",
      "inventory":[{
          "refId":"food_kwama_egg_02",
          "count":1,
          "charge":-1,
          "enchantmentCharge":-1,
          "soul":""
        }]
    },
    "51914-0":{
      "refId":"egg_kwama00",
      "inventory":[{
          "refId":"food_kwama_egg_02",
          "count":1,
          "charge":-1,
          "enchantmentCharge":-1,
          "soul":""
        }]
    },
    "51760-0":{
      "refId":"egg_kwama00",
      "inventory":[{
          "refId":"food_kwama_egg_02",
          "count":1,
          "charge":-1,
          "enchantmentCharge":-1,
          "soul":""
        }]
    },
    "51889-0":{
      "refId":"egg_kwama00",
      "inventory":[{
          "refId":"food_kwama_egg_02",
          "count":1,
          "charge":-1,
          "enchantmentCharge":-1,
          "soul":""
        }]
    },
    "51911-0":{
      "refId":"egg_kwama00",
      "inventory":[{
          "refId":"food_kwama_egg_02",
          "count":1,
          "charge":-1,
          "enchantmentCharge":-1,
          "soul":""
        }]
    },
    "51754-0":{
      "refId":"egg_kwama00",
      "inventory":[{
          "refId":"food_kwama_egg_02",
          "count":1,
          "charge":-1,
          "enchantmentCharge":-1,
          "soul":""
        }]
    },
    "51746-0":{
      "refId":"egg_kwama00",
      "inventory":[{
          "refId":"food_kwama_egg_02",
          "count":1,
          "charge":-1,
          "enchantmentCharge":-1,
          "soul":""
        }]
    },
    "51736-0":{
      "refId":"kwama queen",
      "location":{
        "posX":-310.58932495117,
        "posZ":-1434.7858886719,
        "posY":3196.2431640625,
        "rotX":0,
        "rotY":0,
        "rotZ":1.7831864356995
      },
      "stats":{
        "healthCurrent":68,
        "magickaCurrent":30,
        "healthModified":68,
        "fatigueBase":1000,
        "fatigueModified":1000,
        "healthBase":68,
        "magickaModified":30,
        "magickaBase":30,
        "fatigueCurrent":1000
      },
      "inventory":[{
          "refId":"food_kwama_egg_01",
          "count":1,
          "charge":-1,
          "enchantmentCharge":-1,
          "soul":""
        },{
          "refId":"ingred_kwama_cuttle_01",
          "count":3,
          "charge":-1,
          "enchantmentCharge":-1,
          "soul":""
        }]
    },
    "51763-0":{
      "refId":"egg_kwama00",
      "inventory":[{
          "refId":"food_kwama_egg_02",
          "count":1,
          "charge":-1,
          "enchantmentCharge":-1,
          "soul":""
        }]
    },
    "51910-0":{
      "refId":"egg_kwama00",
      "inventory":[{
          "refId":"food_kwama_egg_02",
          "count":1,
          "charge":-1,
          "enchantmentCharge":-1,
          "soul":""
        }]
    },
    "51733-0":{
      "refId":"egg_kwama00",
      "inventory":[{
          "refId":"food_kwama_egg_02",
          "count":1,
          "charge":-1,
          "enchantmentCharge":-1,
          "soul":""
        }]
    },
    "51731-0":{
      "refId":"egg_kwama00",
      "inventory":[{
          "refId":"food_kwama_egg_02",
          "count":1,
          "charge":-1,
          "enchantmentCharge":-1,
          "soul":""
        }]
    },
    "51748-0":{
      "refId":"egg_kwama00",
      "inventory":[{
          "refId":"food_kwama_egg_02",
          "count":1,
          "charge":-1,
          "enchantmentCharge":-1,
          "soul":""
        }]
    },
    "51744-0":{
      "refId":"egg_kwama00",
      "inventory":[{
          "refId":"food_kwama_egg_02",
          "count":1,
          "charge":-1,
          "enchantmentCharge":-1,
          "soul":""
        }]
    },
    "51739-0":{
      "refId":"egg_kwama00",
      "inventory":[{
          "refId":"food_kwama_egg_02",
          "count":1,
          "charge":-1,
          "enchantmentCharge":-1,
          "soul":""
        }]
    },
    "51728-0":{
      "refId":"egg_kwama00",
      "inventory":[{
          "refId":"food_kwama_egg_02",
          "count":1,
          "charge":-1,
          "enchantmentCharge":-1,
          "soul":""
        }]
    },
    "51767-0":{
      "refId":"egg_kwama00",
      "inventory":[{
          "refId":"food_kwama_egg_02",
          "count":1,
          "charge":-1,
          "enchantmentCharge":-1,
          "soul":""
        }]
    },