{
  "packets":{
    "actorList":["268343-0","483594-0","483595-0","483596-0","483597-0","483598-0"],
    "ai":[],
    "cellChangeFrom":[],
    "cellChangeTo":[],
    "container":["268428-0","268430-0","268433-0","268434-0","268435-0","268468-0","268479-0","268480-0","268481-0","268536-0","268545-0","268546-0","268547-0","268548-0","268549-0","268550-0","268551-0","268552-0","268553-0","268554-0","268555-0","268556-0","268557-0","268558-0","268343-0","483594-0","483595-0","483596-0","483597-0","483598-0"],
    "death":[],
    "delete":[],
    "doorState":[],
    "equipment":["268343-0"],
    "lock":[],
    "place":[],
    "position":["268343-0","483594-0","483595-0","483596-0","483597-0","483598-0"],
    "scale":[],
    "spawn":[],
    "state":[],
    "statsDynamic":["268343-0","483594-0","483595-0","483596-0","483597-0","483598-0"],
    "trap":[]
  },
  "entry":{
    "creationTime":1547248151,
    "description":"Morvayn Manor"
  },
  "lastVisit":{
    "urm":1547248151
  },
  "recordLinks":[],
  "objectData":{
    "268481-0":{
      "refId":"barrel_01_pos",
      "inventory":[{
          "refId":"misc_com_basket_02",
          "count":2,
          "charge":-1,
          "enchantmentCharge":-1,
          "soul":""
        },{
          "refId":"misc_com_wood_cup_01",
          "count":1,
          "charge":-1,
          "enchantmentCharge":-1,
          "soul":""
        },{
          "refId":"misc_soulgem_petty",
          "count":2,
          "charge":-1,
          "enchantmentCharge":-1,
          "soul":""
        },{
          "refId":"gold_001",
          "count":4,
          "charge":-1,
          "enchantmentCharge":-1,
          "soul":""
        }]
    },
    "268536-0":{
      "refId":"de_r_closet_01_empty",
      "inventory":[]
    },
    "268343-0":{
      "refId":"remas morvayn",
      "location":{
        "posX":5470.2978515625,
        "posZ":14145.026367188,
        "posY":3930.6325683594,
        "rotX":0,
        "rotY":0,
        "rotZ":0.68318521976471
      },
      "stats":{
        "healthCurrent":0,
        "magickaCurrent":108,
        "healthModified":0,
        "fatigueBase":192,
        "fatigueModified":192,
        "healthBase":0,
        "magickaModified":108,
        "magickaBase":108,
        "fatigueCurrent":192
      },
      "equipment":{
        "1":{
          "refId":"chitin cuirass",
          "count":1,
          "charge":-1,
          "enchantmentCharge":-1
        },
        "7":{
          "refId":"expensive_shoes_02",
          "count":1,
          "charge":-1,
          "enchantmentCharge":-1
        },
        "8":{
          "refId":"extravagant_shirt_02",
          "count":1,
          "charge":-1,
          "enchantmentCharge":-1
        },
        "9":{
          "refId":"expensive_pants_03",
          "count":1,
          "charge":-1,
          "enchantmentCharge":-1
        },
        "16":{
          "refId":"silver shortsword",
          "count":1,
          "charge":-1,
          "enchantmentCharge":-1
        },
        "17":{
          "refId":"chitin_shield",
          "count":1,
          "charge":-1,
          "enchantmentCharge":-1
        }
      },
      "inventory":[{
          "refId":"chitin_shield",
          "count":1,
          "charge":-1,
          "enchantmentCharge":-1,
          "soul":""
        },{
          "refId":"chitin cuirass",
          "count":1,
          "charge":-1,
          "enchantmentCharge":-1,
          "soul":""
        },{
          "refId":"extravagant_shirt_02",
          "count":1,
          "charge":-1,
          "enchantmentCharge":-1,
          "soul":""
        },{
          "refId":"expensive_shoes_02",
          "count":1,
          "charge":-1,
          "enchantmentCharge":-1,
          "soul":""
        },{
          "refId":"expensive_pants_03",
          "count":1,
          "charge":-1,
          "enchantmentCharge":-1,
          "soul":""
        },{
          "refId":"gold_001",
          "count":54,
          "charge":-1,
          "enchantmentCharge":-1,
          "soul":""
        },{
          "refId":"silver shortsword",
          "count":1,
          "charge":-1,
          "enchantmentCharge":-1,
          "soul":""
        }]
    },
    "268433-0":{
      "refId":"crate_01_random_pos",
      "inventory":[{
          "refId":"misc_com_wood_bowl_04",
          "count":1,
          "charge":-1,
          "enchantmentCharge":-1,
          "soul":""
        },{
          "refId":"misc_com_basket_02",
          "count":2,
          "charge":-1,
          "enchantmentCharge":-1,
          "soul":""
        },{
          "refId":"misc_com_bottle_10",
          "count":1,
          "charge":-1,
          "enchantmentCharge":-1,
          "soul":""
        },{
          "refId":"misc_com_metal_goblet_01",
          "count":1,
          "charge":-1,
          "enchantmentCharge":-1,
          "soul":""
        },{
          "refId":"gold_001",
          "count":4,
          "charge":-1,
          "enchantmentCharge":-1,
          "soul":""
        }]
    },
    "268548-0":{
      "refId":"crate_01_empty",
      "inventory":[]
    },
    "268549-0":{
      "refId":"com_chest_02_tomb_comn",
      "inventory":[{
          "refId":"gold_001",
          "count":71,
          "charge":-1,
          "enchantmentCharge":-1,
          "soul":""
        }]
    },
    "268551-0":{
      "refId":"barrel_01_arrows",
      "inventory":[{
          "refId":"iron arrow",
          "count":250,
          "charge":-1,
          "enchantmentCharge":-1,
          "soul":""
        }]
    },
    "268558-0":{
      "refId":"urn_01_ingred",
      "inventory":[{
          "refId":"ingred_netch_leather_01",
          "count":1,
          "charge":-1,
          "enchantmentCharge":-1,
          "soul":""
        },{
          "refId":"ingred_bittergreen_petals_01",
          "count":1,
          "charge":-1,
          "enchantmentCharge":-1,
          "soul":""
        }]
    },
    "483597-0":{
      "refId":"corprus_stalker_morvayn",
      "location":{
        "posX":4999.5756835938,
        "posZ":14145,
        "posY":3685.232421875,
        "rotX":0,
        "rotY":0,
        "rotZ":0
      },
      "stats":{
        "healthCurrent":60,
        "magickaCurrent":50,
        "healthModified":60,
        "fatigueBase":157,
        "fatigueModified":157,
        "healthBase":60,
        "magickaModified":50,
        "magickaBase":50,
        "fatigueCurrent":157
      },
      "inventory":[{
          "refId":"ingred_corprus_weepings_01",
          "count":1,
          "charge":-1,
          "enchantmentCharge":-1,
          "soul":""
        }]
    },
    "483596-0":{
      "refId":"corprus_stalker_morvayn",
      "location":{
        "posX":3414.4194335938,
        "posZ":14401,
        "posY":3782.697265625,
        "rotX":0,
        "rotY":0,
        "rotZ":0
      },
      "stats":{
        "healthCurrent":60,
        "magickaCurrent":50,
        "healthModified":60,
        "fatigueBase":163,
        "fatigueModified":163,
        "healthBase":60,
        "magickaModified":50,
        "magickaBase":50,
        "fatigueCurrent":163
      },
      "inventory":[{
          "refId":"ingred_corprus_weepings_01",
          "count":1,
          "charge":-1,
          "enchantmentCharge":-1,
          "soul":""
        }]
    },
    "268550-0":{
      "refId":"de_r_drawers_01_mcloth",
      "inventory":[{
          "refId":"expensive_amulet_02",
          "count":1,
          "charge":-1,
          "enchantmentCharge":-1,
          "soul":""
        },{
          "refId":"expensive_ring_02",
          "count":1,
          "charge":-1,
          "enchantmentCharge":-1,
          "soul":""
        },{
          "refId":"expensive_belt_02",
          "count":1,
          "charge":-1,
          "enchantmentCharge":-1,
          "soul":""
        },{
          "refId":"expensive_pants_02",
          "count":1,
          "charge":-1,
          "enchantmentCharge":-1,