{
  "packets":{
    "actorList":["469367-0","469368-0","469369-0","469370-0","469371-0","469372-0","469373-0","469374-0","469375-0"],
    "ai":[],
    "cellChangeFrom":[],
    "cellChangeTo":[],
    "container":["469389-0","469390-0","469399-0","469400-0","469403-0","469404-0","469487-0","469488-0","469489-0","469491-0","469492-0","469493-0","469521-0","469564-0","469582-0","469367-0","469368-0","469369-0","469370-0","469371-0","469372-0","469373-0","469374-0","469375-0"],
    "death":[],
    "delete":[],
    "doorState":[],
    "equipment":[],
    "lock":[],
    "place":[],
    "position":["469367-0","469368-0","469369-0","469370-0","469371-0","469372-0","469373-0","469374-0","469375-0"],
    "scale":[],
    "spawn":[],
    "state":[],
    "statsDynamic":["469367-0","469368-0","469369-0","469370-0","469371-0","469372-0","469373-0","469374-0","469375-0"],
    "trap":[]
  },
  "entry":{
    "creationTime":1547248162,
    "description":"Nchurdamz, Interior"
  },
  "lastVisit":{
    "urm":1547248162
  },
  "recordLinks":[],
  "objectData":{
    "469493-0":{
      "refId":"dwrv_barrel00",
      "inventory":[{
          "refId":"ingred_scrap_metal_01",
          "count":2,
          "charge":-1,
          "enchantmentCharge":-1,
          "soul":""
        }]
    },
    "469373-0":{
      "refId":"centurion_spider_nchur",
      "location":{
        "posX":938.32476806641,
        "posZ":-702.18151855469,
        "posY":912.56536865234,
        "rotX":0,
        "rotY":0,
        "rotZ":1.6000000238419
      },
      "stats":{
        "healthCurrent":38,
        "magickaCurrent":20,
        "healthModified":38,
        "fatigueBase":400,
        "fatigueModified":400,
        "healthBase":38,
        "magickaModified":20,
        "magickaBase":20,
        "fatigueCurrent":400
      },
      "inventory":[]
    },
    "469389-0":{
      "refId":"dwrv_barrel10",
      "inventory":[{
          "refId":"ingred_scrap_metal_01",
          "count":1,
          "charge":-1,
          "enchantmentCharge":-1,
          "soul":""
        }]
    },
    "469564-0":{
      "refId":"rock_glass_06",
      "inventory":[{
          "refId":"ingred_raw_glass_01",
          "count":5,
          "charge":-1,
          "enchantmentCharge":-1,
          "soul":""
        }]
    },
    "469582-0":{
      "refId":"dwrv_closet00",
      "inventory":[{
          "refId":"ingred_emerald_01",
          "count":1,
          "charge":-1,
          "enchantmentCharge":-1,
          "soul":""
        }]
    },
    "469488-0":{
      "refId":"dwrv_barrel00",
      "inventory":[{
          "refId":"ingred_scrap_metal_01",
          "count":1,
          "charge":-1,
          "enchantmentCharge":-1,
          "soul":""
        },{
          "refId":"ingred_ruby_01",
          "count":1,
          "charge":-1,
          "enchantmentCharge":-1,
          "soul":""
        }]
    },
    "469403-0":{
      "refId":"dwrv_chest00_common",
      "inventory":[{
          "refId":"dwemer_cuirass",
          "count":1,
          "charge":-1,
          "enchantmentCharge":-1,
          "soul":""
        },{
          "refId":"misc_dwrv_pitcher00",
          "count":1,
          "charge":-1,
          "enchantmentCharge":-1,
          "soul":""
        },{
          "refId":"misc_dwrv_coin00",
          "count":10,
          "charge":-1,
          "enchantmentCharge":-1,
          "soul":""
        }]
    },
    "469370-0":{
      "refId":"centurion_spider_nchur",
      "location":{
        "posX":-191.72012329102,
        "posZ":-127.00000762939,
        "posY":3033.6264648438,
        "rotX":0,
        "rotY":0,
        "rotZ":3.199999332428
      },
      "stats":{
        "healthCurrent":38,
        "magickaCurrent":20,
        "healthModified":38,
        "fatigueBase":400,
        "fatigueModified":400,
        "healthBase":38,
        "magickaModified":20,
        "magickaBase":20,
        "fatigueCurrent":400
      },
      "inventory":[{
          "refId":"ingred_scrap_metal_01",
          "count":1,
          "charge":-1,
          "enchantmentCharge":-1,
          "soul":""
        }]
    },
    "469371-0":{
      "refId":"centurion_spider_nchur",
      "location":{
        "posX":38.105361938477,
        "posZ":-127.00000762939,
        "posY":2566.5092773438,
        "rotX":0,
        "rotY":0,
        "rotZ":4.7831869125366
      },
      "stats":{
        "healthCurrent":38,
        "magickaCurrent":20,
        "healthModified":38,
        "fatigueBase":400,
        "fatigueModified":400,
        "healthBase":38,
        "magickaModified":20,
        "magickaBase":20,
        "fatigueCurrent":400
      },
      "inventory":[]
    },
    "469374-0":{
      "refId":"centurion_steam_nchur",
      "location":{
        "posX":-1460.5688476563,
        "posZ":-319,
        "posY":3078.55078125,
        "rotX":0,
        "rotY":0,
        "rotZ":1.6000001430511
      },
      "stats":{
        "healthCurrent":150,
        "magickaCurrent":30,
        "healthModified":150,
        "fatigueBase":1000,
        "fatigueModified":1000,
        "healthBase":150,
        "magickaModified":30,
        "magickaBase":30,
        "fatigueCurrent":1000
      },
      "inventory":[{
          "refId":"ingred_scrap_metal_01",
          "count":1,
          "charge":-1,
          "enchantmentCharge":-1,
          "soul":""
        }]
    },
    "469372-0":{
      "refId":"centurion_spider_nchur",
      "location":{
        "posX":-147.12390136719,
        "posZ":-511,
        "posY":899.52282714844,
        "rotX":0,
        "rotY":0,
        "rotZ":1.6000003814697
      },
      "stats":{
        "healthCurrent":38,
        "magickaCurrent":20,
        "healthModified":38,
        "fatigueBase":400,
        "fatigueModified":400,
        "healthBase":38,
        "magickaModified":20,
        "magickaBase":20,
        "fatigueCurrent":400
      },
      "inventory":[]
    },
    "469489-0":{
      "refId":"dwrv_barrel00",
      "inventory":[]
    },
    "469491-0":{
      "refId":"dwrv_barrel00",
      "inventory":[{
          "refId":"ingred_scrap_metal_01",
          "count":1,
          "charge":-1,
          "enchantmentCharge":-1,
          "soul":""
        }]
    },
    "469368-0":{
      "refId":"centurion_sphere_nchur",
      "location":{
        "posX":965.49810791016,
        "posZ":-702.181640625,
        "posY":1633.4328613281,
        "rotX":0,
        "rotY":0,
        "rotZ":3.0999999046326
      },
      "stats":{
        "healthCurrent":75,
        "magickaCurrent":70,
        "healthModified":75,
        "fatigueBase":800,
        "fatigueModified":800,
        "healthBase":75,
        "magickaModified":70,
        "magickaBase":70,
        "fatigueCurrent":800
      },
      "inventory":[{
          "refId":"ingred_scrap_metal_01",
          "count":1,
          "charge":-1,
          "enchantmentCharge":-1,
          "soul":""
        }]
    },
    "469492-0":{
      "refId":"dwrv_barrel00",
      "inventory":[{
          "refId":"ingred_scrap_metal_01",
          "count":2,
          "charge":-1,
          "enchantmentCharge":-1,
          "soul":""
        }]
    },
    "469375-0":{
      "refId":"daedroth_fg_nchur",
      "location":{
        "posX":-733.80285644531,
        "posZ":-127.00000762939,
        "posY":4746.087890625,
        "rotX":0,
        "rotY":0,
        "rotZ":0
      },
      "stats":{
        "healthCurrent":200,
        "magickaCurrent":195,
        "healthModified":200,
        "fatigueBase":600,
        "fatigueModified":600,
        "healthBase":200,
        "magickaModified":195,
        "magickaBase":195,
        "fatigueCurrent":600
      },
      "inventory":[]
    },
    "469369-0":{
      "refId":"centurion_sphere_nchur",
      "location":{
        "posX":201.166015625,
        "posZ":-127.00006866455,
        "posY":1912.9847412109,
        "rotX":0,
        "rotY":0,
        "rotZ":4.699999332428
      },
      "stats":{
        "healthCurrent":75,