{
  "packets":{
    "actorList":["0-1576","292343-0","292344-0","395577-0","395578-0"],
    "ai":[],
    "cellChangeFrom":[],
    "cellChangeTo":[],
    "container":["115900-0","116145-0","316965-0","316966-0","316967-0","316968-0","316969-0","316973-0","316974-0","316975-0","316976-0","316977-0","316981-0","316982-0","316983-0","316984-0","316985-0","395588-0","395600-0","395601-0","395602-0","395603-0","395604-0","395613-0","395614-0","395615-0","395616-0","292343-0","292344-0","395577-0","395578-0"],
    "death":[],
    "delete":[],
    "doorState":[],
    "equipment":["292343-0","292344-0"],
    "lock":[],
    "place":[],
    "position":["292343-0","292344-0","395577-0","395578-0","0-1576"],
    "scale":[],
    "spawn":["0-1576"],
    "state":[],
    "statsDynamic":["292343-0","292344-0","395577-0","395578-0","0-1576"],
    "trap":[]
  },
  "entry":{
    "creationTime":1547248169,
    "description":"Odaishah"
  },
  "lastVisit":{
    "urm":1547248169
  },
  "recordLinks":[],
  "objectData":{
    "316977-0":{
      "refId":"flora_bc_mushroom_08",
      "inventory":[{
          "refId":"ingred_coprinus_01",
          "count":2,
          "charge":-1,
          "enchantmentCharge":-1,
          "soul":""
        }]
    },
    "0-1576":{
      "refId":"scamp",
      "location":{
        "posX":69.222869873047,
        "posZ":515.11016845703,
        "posY":1155.4942626953,
        "rotX":0,
        "rotY":0,
        "rotZ":0
      },
      "stats":{
        "healthCurrent":45,
        "magickaCurrent":100,
        "healthModified":45,
        "fatigueBase":400,
        "fatigueModified":400,
        "healthBase":45,
        "magickaModified":100,
        "magickaBase":100,
        "fatigueCurrent":400
      }
    },
    "395615-0":{
      "refId":"com_sack_02_ingred",
      "inventory":[{
          "refId":"ingred_corkbulb_root_01",
          "count":1,
          "charge":-1,
          "enchantmentCharge":-1,
          "soul":""
        },{
          "refId":"ingred_gravedust_01",
          "count":1,
          "charge":-1,
          "enchantmentCharge":-1,
          "soul":""
        },{
          "refId":"ingred_kwama_cuttle_01",
          "count":1,
          "charge":-1,
          "enchantmentCharge":-1,
          "soul":""
        },{
          "refId":"ingred_rat_meat_01",
          "count":1,
          "charge":-1,
          "enchantmentCharge":-1,
          "soul":""
        }]
    },
    "395577-0":{
      "refId":"atronach_storm",
      "location":{
        "posX":-18.914543151855,
        "posZ":257.92749023438,
        "posY":-1007.0880126953,
        "rotX":0,
        "rotY":0,
        "rotZ":0
      },
      "stats":{
        "healthCurrent":200,
        "magickaCurrent":195,
        "healthModified":200,
        "fatigueBase":600,
        "fatigueModified":600,
        "healthBase":200,
        "magickaModified":195,
        "magickaBase":195,
        "fatigueCurrent":600
      },
      "inventory":[]
    },
    "316975-0":{
      "refId":"flora_bc_mushroom_05",
      "inventory":[{
          "refId":"ingred_russula_01",
          "count":1,
          "charge":-1,
          "enchantmentCharge":-1,
          "soul":""
        }]
    },
    "316966-0":{
      "refId":"flora_bc_mushroom_06",
      "inventory":[{
          "refId":"ingred_coprinus_01",
          "count":1,
          "charge":-1,
          "enchantmentCharge":-1,
          "soul":""
        }]
    },
    "316969-0":{
      "refId":"flora_bc_mushroom_08",
      "inventory":[{
          "refId":"ingred_coprinus_01",
          "count":2,
          "charge":-1,
          "enchantmentCharge":-1,
          "soul":""
        }]
    },
    "395614-0":{
      "refId":"com_sack_02_gold_100",
      "inventory":[{
          "refId":"gold_001",
          "count":100,
          "charge":-1,
          "enchantmentCharge":-1,
          "soul":""
        }]
    },
    "395616-0":{
      "refId":"urn_01_scrolls_01",
      "inventory":[{
          "refId":"sc_healing",
          "count":1,
          "charge":-1,
          "enchantmentCharge":-1,
          "soul":""
        },{
          "refId":"sc_mark",
          "count":1,
          "charge":-1,
          "enchantmentCharge":-1,
          "soul":""
        },{
          "refId":"sc_illneasbreath",
          "count":1,
          "charge":-1,
          "enchantmentCharge":-1,
          "soul":""
        },{
          "refId":"sc_ondusisunhinging",
          "count":1,
          "charge":-1,
          "enchantmentCharge":-1,
          "soul":""
        },{
          "refId":"sc_invisibility",
          "count":1,
          "charge":-1,
          "enchantmentCharge":-1,
          "soul":""
        }]
    },
    "292344-0":{
      "refId":"fervsea girothran",
      "location":{
        "posX":-77.795150756836,
        "posZ":587.80444335938,
        "posY":-2144.0891113281,
        "rotX":0,
        "rotY":0,
        "rotZ":0.63124108314514
      },
      "stats":{
        "healthCurrent":106,
        "magickaCurrent":162,
        "healthModified":106,
        "fatigueBase":235,
        "fatigueModified":235,
        "healthBase":106,
        "magickaModified":162,
        "magickaBase":162,
        "fatigueCurrent":235
      },
      "equipment":{
        "7":{
          "refId":"common_shoes_02",
          "count":1,
          "charge":-1,
          "enchantmentCharge":-1
        },
        "16":{
          "refId":"chitin shortsword",
          "count":1,
          "charge":-1,
          "enchantmentCharge":-1
        },
        "11":{
          "refId":"expensive_robe_02_a",
          "count":1,
          "charge":-1,
          "enchantmentCharge":-1
        }
      },
      "inventory":[{
          "refId":"expensive_robe_02_a",
          "count":1,
          "charge":-1,
          "enchantmentCharge":-1,
          "soul":""
        },{
          "refId":"common_shoes_02",
          "count":1,
          "charge":-1,
          "enchantmentCharge":-1,
          "soul":""
        },{
          "refId":"gold_001",
          "count":11,
          "charge":-1,
          "enchantmentCharge":-1,
          "soul":""
        },{
          "refId":"chitin shortsword",
          "count":1,
          "charge":-1,
          "enchantmentCharge":-1,
          "soul":""
        }]
    },
    "116145-0":{
      "refId":"com_chest_11_k01",
      "inventory":[]
    },
    "292343-0":{
      "refId":"taarie",
      "location":{
        "posX":1351.333984375,
        "posZ":341.51736450195,
        "posY":-572.81420898438,
        "rotX":0,
        "rotY":0,
        "rotZ":4.5331878662109
      },
      "stats":{
        "healthCurrent":116,
        "magickaCurrent":343,
        "healthModified":116,
        "fatigueBase":254,
        "fatigueModified":254,
        "healthBase":116,
        "magickaModified":343,
        "magickaBase":343,
        "fatigueCurrent":254
      },
      "equipment":{
        "7":{
          "refId":"extravagant_shoes_01",
          "count":1,
          "charge":-1,
          "enchantmentCharge":-1
        },
        "16":{
          "refId":"chitin shortsword",
          "count":1,
          "charge":-1,
          "enchantmentCharge":-1
        },
        "11":{
          "refId":"extravagant_robe_01",
          "count":1,
          "charge":-1,
          "enchantmentCharge":-1
        }
      },
      "inventory":[{
          "refId":"extravagant_robe_01",
          "count":1,
          "charge":-1,
          "enchantmentCharge":-1,
          "soul":""
        },{
          "refId":"extravagant_shoes_01",
          "count":1,
          "charge":-1,
          "enchantmentCharge":-1,
          "soul":""
        },{
          "refId":"gold_001",
          "count":14,
          "charge":-1,
          "enchantmentCharge":-1,
          "soul":""
        },{
          "refId":"chitin shortsword",
          "count":1,
          "charge":-1,
          "enchantmentCharge":-1,
          "soul":""
        }]
    },