{
  "packets":{
    "actorList":["0-1609","0-1610","0-1611","0-1612","269074-0","269075-0","52469-0"],
    "ai":[],
    "cellChangeFrom":[],
    "cellChangeTo":[],
    "container":["52448-0","52449-0","52450-0","52453-0","52454-0","52455-0","52456-0","52457-0","52458-0","52459-0","52484-0","52485-0","52486-0","52487-0","52488-0","52517-0","52518-0","52519-0","52520-0","52521-0","52523-0","52524-0","52525-0","52526-0","52527-0","52528-0","52529-0","52530-0","52531-0","52532-0","52534-0","52535-0","52536-0","52537-0","52538-0","52539-0","52540-0","52541-0","52542-0","52543-0","52545-0","52546-0","52547-0","52548-0","52549-0","52550-0","52551-0","52552-0","52553-0","52554-0","388477-0","269074-0","269075-0","52469-0"],
    "death":[],
    "delete":[],
    "doorState":[],
    "equipment":["269074-0","269075-0"],
    "lock":[],
    "place":[],
    "position":["269074-0","269075-0","52469-0","0-1609","0-1610","0-1611","0-1612"],
    "scale":[],
    "spawn":["0-1609","0-1610","0-1611","0-1612"],
    "state":[],
    "statsDynamic":["269074-0","269075-0","52469-0","0-1609","0-1610","0-1611","0-1612"],
    "trap":[]
  },
  "entry":{
    "creationTime":1547248177,
    "description":"Panud Egg Mine"
  },
  "lastVisit":{
    "urm":1547248177
  },
  "recordLinks":[],
  "objectData":{
    "52448-0":{
      "refId":"egg_kwama00",
      "inventory":[{
          "refId":"food_kwama_egg_02",
          "count":1,
          "charge":-1,
          "enchantmentCharge":-1,
          "soul":""
        }]
    },
    "52547-0":{
      "refId":"egg_kwama00",
      "inventory":[{
          "refId":"food_kwama_egg_02",
          "count":1,
          "charge":-1,
          "enchantmentCharge":-1,
          "soul":""
        }]
    },
    "52455-0":{
      "refId":"egg_kwama00",
      "inventory":[{
          "refId":"food_kwama_egg_02",
          "count":1,
          "charge":-1,
          "enchantmentCharge":-1,
          "soul":""
        }]
    },
    "269074-0":{
      "refId":"miner_02",
      "location":{
        "posX":399.92288208008,
        "posZ":-1265.3824462891,
        "posY":3089.2905273438,
        "rotX":0.073995746672153,
        "rotY":0,
        "rotZ":1.1726744174957
      },
      "stats":{
        "healthCurrent":74,
        "magickaCurrent":84,
        "healthModified":74,
        "fatigueBase":193,
        "fatigueModified":193,
        "healthBase":74,
        "magickaModified":84,
        "magickaBase":84,
        "fatigueCurrent":193
      },
      "equipment":{
        "7":{
          "refId":"common_shoes_01",
          "count":1,
          "charge":-1,
          "enchantmentCharge":-1
        },
        "8":{
          "refId":"common_shirt_02",
          "count":1,
          "charge":-1,
          "enchantmentCharge":-1
        },
        "16":{
          "refId":"miner's pick",
          "count":1,
          "charge":-1,
          "enchantmentCharge":-1
        },
        "9":{
          "refId":"common_pants_05",
          "count":1,
          "charge":-1,
          "enchantmentCharge":-1
        }
      },
      "inventory":[{
          "refId":"common_shirt_02",
          "count":1,
          "charge":-1,
          "enchantmentCharge":-1,
          "soul":""
        },{
          "refId":"common_shoes_01",
          "count":1,
          "charge":-1,
          "enchantmentCharge":-1,
          "soul":""
        },{
          "refId":"common_pants_05",
          "count":1,
          "charge":-1,
          "enchantmentCharge":-1,
          "soul":""
        },{
          "refId":"food_kwama_egg_01",
          "count":1,
          "charge":-1,
          "enchantmentCharge":-1,
          "soul":""
        },{
          "refId":"gold_001",
          "count":14,
          "charge":-1,
          "enchantmentCharge":-1,
          "soul":""
        },{
          "refId":"miner's pick",
          "count":1,
          "charge":-1,
          "enchantmentCharge":-1,
          "soul":""
        }]
    },
    "269075-0":{
      "refId":"miner_03",
      "location":{
        "posX":884.14562988281,
        "posZ":-1275.3353271484,
        "posY":3421.7250976563,
        "rotX":0,
        "rotY":0,
        "rotZ":1.1708023548126
      },
      "stats":{
        "healthCurrent":74,
        "magickaCurrent":84,
        "healthModified":74,
        "fatigueBase":193,
        "fatigueModified":193,
        "healthBase":74,
        "magickaModified":84,
        "magickaBase":84,
        "fatigueCurrent":193
      },
      "equipment":{
        "7":{
          "refId":"common_shoes_05",
          "count":1,
          "charge":-1,
          "enchantmentCharge":-1
        },
        "8":{
          "refId":"common_shirt_02_r",
          "count":1,
          "charge":-1,
          "enchantmentCharge":-1
        },
        "16":{
          "refId":"miner's pick",
          "count":1,
          "charge":-1,
          "enchantmentCharge":-1
        },
        "9":{
          "refId":"common_pants_04",
          "count":1,
          "charge":-1,
          "enchantmentCharge":-1
        }
      },
      "inventory":[{
          "refId":"common_shirt_02_r",
          "count":1,
          "charge":-1,
          "enchantmentCharge":-1,
          "soul":""
        },{
          "refId":"common_shoes_05",
          "count":1,
          "charge":-1,
          "enchantmentCharge":-1,
          "soul":""
        },{
          "refId":"common_pants_04",
          "count":1,
          "charge":-1,
          "enchantmentCharge":-1,
          "soul":""
        },{
          "refId":"food_kwama_egg_01",
          "count":1,
          "charge":-1,
          "enchantmentCharge":-1,
          "soul":""
        },{
          "refId":"miner's pick",
          "count":1,
          "charge":-1,
          "enchantmentCharge":-1,
          "soul":""
        }]
    },
    "52450-0":{
      "refId":"egg_kwama00",
      "inventory":[{
          "refId":"food_kwama_egg_02",
          "count":1,
          "charge":-1,
          "enchantmentCharge":-1,
          "soul":""
        }]
    },
    "52550-0":{
      "refId":"egg_kwama00",
      "inventory":[{
          "refId":"food_kwama_egg_02",
          "count":1,
          "charge":-1,
          "enchantmentCharge":-1,
          "soul":""
        }]
    },
    "52524-0":{
      "refId":"egg_kwama00",
      "inventory":[{
          "refId":"food_kwama_egg_02",
          "count":1,
          "charge":-1,
          "enchantmentCharge":-1,
          "soul":""
        }]
    },
    "52552-0":{
      "refId":"egg_kwama00",
      "inventory":[{
          "refId":"food_kwama_egg_02",
          "count":1,
          "charge":-1,
          "enchantmentCharge":-1,
          "soul":""
        }]
    },
    "52521-0":{
      "refId":"egg_kwama00",
      "inventory":[{
          "refId":"food_kwama_egg_02",
          "count":1,
          "charge":-1,
          "enchantmentCharge":-1,
          "soul":""
        }]
    },
    "52530-0":{
      "refId":"egg_kwama00",
      "inventory":[{
          "refId":"food_kwama_egg_02",
          "count":1,
          "charge":-1,
          "enchantmentCharge":-1,
          "soul":""
        }]
    },
    "52543-0":{
      "refId":"egg_kwama00",
      "inventory":[{
          "refId":"food_kwama_egg_02",
          "count":1,
          "charge":-1,
          "enchantmentCharge":-1,
          "soul":""
        }]
    },
    "52459-0":{
      "refId":"egg_kwama00",
      "inventory":[{
          "refId":"food_kwama_egg_02",
          "count":1,
          "charge":-1,
          "enchantmentCharge":-1,
          "soul":""
        }]
    },
    "52458-0":{
      "refId":"egg_kwama00",
      "inventory":[{
          "refId":"food_kwama_egg_02",
          "count":1,
          "charge":-1,
          "enchantmentCharge":-1,
          "soul":""
        }]
    },
    "52549-0":{
      "refId":"egg_kwama00",
      "inventory":[{
          "refId":"food_kwama_egg_02",
          "count":1,
          "charge":-1,
          "enchantmentCharge":-1,