{
  "packets":{
    "actorList":["0-1617","0-1618","0-1619","0-1620","0-1621","0-1622"],
    "ai":[],
    "cellChangeFrom":[],
    "cellChangeTo":[],
    "container":["52618-0","52619-0","52620-0","52621-0","52625-0","52626-0","52628-0","52632-0","52633-0","52634-0","52677-0","52678-0","52679-0","52682-0","52683-0","52684-0","52685-0","52686-0","52687-0","52688-0","52696-0","52697-0","52698-0","52699-0","52700-0"],
    "death":[],
    "delete":[],
    "doorState":[],
    "equipment":[],
    "lock":[],
    "place":[],
    "position":["0-1617","0-1618","0-1619","0-1620","0-1621","0-1622"],
    "scale":[],
    "spawn":["0-1617","0-1618","0-1619","0-1620","0-1621","0-1622"],
    "state":[],
    "statsDynamic":["0-1617","0-1618","0-1619","0-1620","0-1621","0-1622"],
    "trap":[]
  },
  "entry":{
    "creationTime":1547248188,
    "description":"Pudai Egg Mine"
  },
  "lastVisit":{
    "urm":1547248190
  },
  "recordLinks":[],
  "objectData":{
    "0-1620":{
      "refId":"kwama forager",
      "location":{
        "posX":1848.1712646484,
        "posZ":-763.29516601563,
        "posY":3811.5708007813,
        "rotX":0,
        "rotY":0,
        "rotZ":0
      },
      "stats":{
        "healthCurrent":23,
        "magickaCurrent":15,
        "healthModified":23,
        "fatigueBase":300,
        "fatigueModified":300,
        "healthBase":23,
        "magickaModified":15,
        "magickaBase":15,
        "fatigueCurrent":300
      }
    },
    "0-1622":{
      "refId":"kwama worker",
      "location":{
        "posX":482.48754882813,
        "posZ":-896.85107421875,
        "posY":2532.9235839844,
        "rotX":0,
        "rotY":0,
        "rotZ":0
      },
      "stats":{
        "healthCurrent":30,
        "magickaCurrent":8,
        "healthModified":30,
        "fatigueBase":300,
        "fatigueModified":300,
        "healthBase":30,
        "magickaModified":8,
        "magickaBase":8,
        "fatigueCurrent":300
      }
    },
    "52619-0":{
      "refId":"egg_kwama00",
      "inventory":[{
          "refId":"food_kwama_egg_02",
          "count":1,
          "charge":-1,
          "enchantmentCharge":-1,
          "soul":""
        }]
    },
    "52620-0":{
      "refId":"egg_kwama00",
      "inventory":[{
          "refId":"food_kwama_egg_02",
          "count":1,
          "charge":-1,
          "enchantmentCharge":-1,
          "soul":""
        }]
    },
    "52686-0":{
      "refId":"egg_kwama00",
      "inventory":[{
          "refId":"food_kwama_egg_02",
          "count":1,
          "charge":-1,
          "enchantmentCharge":-1,
          "soul":""
        }]
    },
    "52634-0":{
      "refId":"egg_kwama00",
      "inventory":[{
          "refId":"food_kwama_egg_02",
          "count":1,
          "charge":-1,
          "enchantmentCharge":-1,
          "soul":""
        }]
    },
    "0-1618":{
      "refId":"kwama worker",
      "location":{
        "posX":191.78968811035,
        "posZ":-878.47937011719,
        "posY":1472.3026123047,
        "rotX":0,
        "rotY":0,
        "rotZ":0
      },
      "stats":{
        "healthCurrent":30,
        "magickaCurrent":8,
        "healthModified":30,
        "fatigueBase":300,
        "fatigueModified":300,
        "healthBase":30,
        "magickaModified":8,
        "magickaBase":8,
        "fatigueCurrent":300
      }
    },
    "52700-0":{
      "refId":"egg_kwama00",
      "inventory":[{
          "refId":"food_kwama_egg_02",
          "count":1,
          "charge":-1,
          "enchantmentCharge":-1,
          "soul":""
        }]
    },
    "0-1617":{
      "refId":"kwama forager",
      "location":{
        "posX":-795.37164306641,
        "posZ":-889.51214599609,
        "posY":2908.9880371094,
        "rotX":0,
        "rotY":0,
        "rotZ":0
      },
      "stats":{
        "healthCurrent":23,
        "magickaCurrent":15,
        "healthModified":23,
        "fatigueBase":300,
        "fatigueModified":300,
        "healthBase":23,
        "magickaModified":15,
        "magickaBase":15,
        "fatigueCurrent":300
      }
    },
    "52677-0":{
      "refId":"egg_kwama00",
      "inventory":[{
          "refId":"food_kwama_egg_02",
          "count":1,
          "charge":-1,
          "enchantmentCharge":-1,
          "soul":""
        }]
    },
    "52625-0":{
      "refId":"egg_kwama00",
      "inventory":[{
          "refId":"food_kwama_egg_02",
          "count":1,
          "charge":-1,
          "enchantmentCharge":-1,
          "soul":""
        }]
    },
    "52699-0":{
      "refId":"egg_kwama00",
      "inventory":[{
          "refId":"food_kwama_egg_02",
          "count":1,
          "charge":-1,
          "enchantmentCharge":-1,
          "soul":""
        }]
    },
    "52697-0":{
      "refId":"egg_kwama00",
      "inventory":[{
          "refId":"food_kwama_egg_02",
          "count":1,
          "charge":-1,
          "enchantmentCharge":-1,
          "soul":""
        }]
    },
    "52679-0":{
      "refId":"egg_kwama00",
      "inventory":[{
          "refId":"food_kwama_egg_02",
          "count":1,
          "charge":-1,
          "enchantmentCharge":-1,
          "soul":""
        }]
    },
    "52682-0":{
      "refId":"egg_kwama00",
      "inventory":[{
          "refId":"food_kwama_egg_02",
          "count":1,
          "charge":-1,
          "enchantmentCharge":-1,
          "soul":""
        }]
    },
    "52696-0":{
      "refId":"egg_kwama00",
      "inventory":[{
          "refId":"food_kwama_egg_02",
          "count":1,
          "charge":-1,
          "enchantmentCharge":-1,
          "soul":""
        }]
    },
    "52698-0":{
      "refId":"egg_kwama00",
      "inventory":[{
          "refId":"food_kwama_egg_02",
          "count":1,
          "charge":-1,
          "enchantmentCharge":-1,
          "soul":""
        }]
    },
    "52685-0":{
      "refId":"egg_kwama00",
      "inventory":[{
          "refId":"food_kwama_egg_02",
          "count":1,
          "charge":-1,
          "enchantmentCharge":-1,
          "soul":""
        }]
    },
    "0-1621":{
      "refId":"kwama forager",
      "location":{
        "posX":1181.6650390625,
        "posZ":-892.08483886719,
        "posY":2682.7697753906,
        "rotX":0,
        "rotY":0,
        "rotZ":0
      },
      "stats":{
        "healthCurrent":23,
        "magickaCurrent":15,
        "healthModified":23,
        "fatigueBase":300,
        "fatigueModified":300,
        "healthBase":23,
        "magickaModified":15,
        "magickaBase":15,
        "fatigueCurrent":300
      }
    },
    "0-1619":{
      "refId":"kwama forager",
      "location":{
        "posX":411.39776611328,
        "posZ":-890.92279052734,
        "posY":3601.7390136719,
        "rotX":0,
        "rotY":0,
        "rotZ":0
      },
      "stats":{
        "healthCurrent":23,
        "magickaCurrent":15,
        "healthModified":23,
        "fatigueBase":300,
        "fatigueModified":300,
        "healthBase":23,
        "magickaModified":15,
        "magickaBase":15,
        "fatigueCurrent":300
      }
    },
    "52632-0":{
      "refId":"egg_kwama00",
      "inventory":[{
          "refId":"food_kwama_egg_02",
          "count":1,
          "charge":-1,
          "enchantmentCharge":-1,
          "soul":""
        }]
    },
    "52626-0":{
      "refId":"egg_kwama00",
      "inventory":[{
          "refId":"food_kwama_egg_02",
          "count":1,
          "charge":-1,
          "enchantmentCharge":-1,
          "soul":""
        }]
    },
    "52688-0":{
      "refId":"egg_kwama00",
      "inventory":[{
          "refId":"food_kwama_egg_02",
          "count":1,
          "charge":-1,
          "enchantmentCharge":-1,
          "soul":""
        }]
    },
    "52633-0":{
      "refId":"egg_kwama00",
      "inventory":[{
          "refId":"food_kwama_egg_02",
          "count":1,
          "charge":-1,
          "enchantmentCharge":-1,
          "soul":""
        }]
    },