{
  "packets":{
    "actorList":["0-1656","0-1657","0-1658","0-1659","0-1660"],
    "ai":[],
    "cellChangeFrom":[],
    "cellChangeTo":[],
    "container":["388647-0","388648-0","388649-0","388650-0","388651-0","388652-0","388653-0","388654-0","388655-0","388656-0","388657-0","388658-0","388659-0","388660-0","388661-0","388662-0","388663-0","388664-0","388665-0","388666-0","388673-0","388675-0","388676-0","388681-0","388683-0"],
    "death":[],
    "delete":[],
    "doorState":[],
    "equipment":[],
    "lock":[],
    "place":[],
    "position":["0-1656","0-1657","0-1658","0-1659","0-1660"],
    "scale":[],
    "spawn":["0-1656","0-1657","0-1658","0-1659","0-1660"],
    "state":[],
    "statsDynamic":["0-1656","0-1657","0-1658","0-1659","0-1660"],
    "trap":[]
  },
  "entry":{
    "creationTime":1547248200,
    "description":"Rethandus Ancestral Tomb"
  },
  "lastVisit":{
    "urm":1547248201
  },
  "recordLinks":[],
  "objectData":{
    "388654-0":{
      "refId":"urn_ash00",
      "inventory":[{
          "refId":"ingred_bonemeal_01",
          "count":1,
          "charge":-1,
          "enchantmentCharge":-1,
          "soul":""
        }]
    },
    "0-1658":{
      "refId":"ancestor_ghost",
      "location":{
        "posX":-3158.974609375,
        "posZ":1153,
        "posY":-1053.0061035156,
        "rotX":0,
        "rotY":0,
        "rotZ":2.9802322387695e-007
      },
      "stats":{
        "healthCurrent":23,
        "magickaCurrent":400,
        "healthModified":23,
        "fatigueBase":400,
        "fatigueModified":400,
        "healthBase":23,
        "magickaModified":400,
        "magickaBase":400,
        "fatigueCurrent":400
      }
    },
    "388650-0":{
      "refId":"urn_ash00",
      "inventory":[{
          "refId":"ingred_bonemeal_01",
          "count":1,
          "charge":-1,
          "enchantmentCharge":-1,
          "soul":""
        }]
    },
    "388652-0":{
      "refId":"urn_ash00",
      "inventory":[{
          "refId":"ingred_bonemeal_01",
          "count":1,
          "charge":-1,
          "enchantmentCharge":-1,
          "soul":""
        }]
    },
    "0-1660":{
      "refId":"ancestor_ghost",
      "location":{
        "posX":-1979.5554199219,
        "posZ":1160.6340332031,
        "posY":-3596.5688476563,
        "rotX":0,
        "rotY":0,
        "rotZ":0
      },
      "stats":{
        "healthCurrent":23,
        "magickaCurrent":400,
        "healthModified":23,
        "fatigueBase":400,
        "fatigueModified":400,
        "healthBase":23,
        "magickaModified":400,
        "magickaBase":400,
        "fatigueCurrent":400
      }
    },
    "388653-0":{
      "refId":"urn_ash00",
      "inventory":[{
          "refId":"ingred_bonemeal_01",
          "count":1,
          "charge":-1,
          "enchantmentCharge":-1,
          "soul":""
        }]
    },
    "388681-0":{
      "refId":"chest_tomb_small00",
      "inventory":[]
    },
    "0-1657":{
      "refId":"scamp",
      "location":{
        "posX":703.12408447266,
        "posZ":897,
        "posY":-2008.3449707031,
        "rotX":0,
        "rotY":0,
        "rotZ":3.1415927410126
      },
      "stats":{
        "healthCurrent":45,
        "magickaCurrent":100,
        "healthModified":45,
        "fatigueBase":400,
        "fatigueModified":400,
        "healthBase":45,
        "magickaModified":100,
        "magickaBase":100,
        "fatigueCurrent":400
      }
    },
    "388657-0":{
      "refId":"urn_ash00",
      "inventory":[{
          "refId":"ingred_bonemeal_01",
          "count":1,
          "charge":-1,
          "enchantmentCharge":-1,
          "soul":""
        }]
    },
    "388665-0":{
      "refId":"urn_ash00",
      "inventory":[{
          "refId":"ingred_bonemeal_01",
          "count":1,
          "charge":-1,
          "enchantmentCharge":-1,
          "soul":""
        }]
    },
    "388649-0":{
      "refId":"urn_ash00",
      "inventory":[{
          "refId":"ingred_bonemeal_01",
          "count":1,
          "charge":-1,
          "enchantmentCharge":-1,
          "soul":""
        }]
    },
    "388683-0":{
      "refId":"chest_tomb_large00",
      "inventory":[{
          "refId":"common_ring_02",
          "count":2,
          "charge":-1,
          "enchantmentCharge":-1,
          "soul":""
        }]
    },
    "388664-0":{
      "refId":"urn_ash00",
      "inventory":[{
          "refId":"ingred_bonemeal_01",
          "count":1,
          "charge":-1,
          "enchantmentCharge":-1,
          "soul":""
        }]
    },
    "388676-0":{
      "refId":"chest_tomb_large01",
      "inventory":[{
          "refId":"chitin club",
          "count":1,
          "charge":-1,
          "enchantmentCharge":-1,
          "soul":""
        }]
    },
    "388659-0":{
      "refId":"urn_ash00",
      "inventory":[{
          "refId":"ingred_bonemeal_01",
          "count":1,
          "charge":-1,
          "enchantmentCharge":-1,
          "soul":""
        }]
    },
    "388673-0":{
      "refId":"urn_ash00",
      "inventory":[{
          "refId":"ingred_bonemeal_01",
          "count":1,
          "charge":-1,
          "enchantmentCharge":-1,
          "soul":""
        }]
    },
    "388661-0":{
      "refId":"urn_ash00",
      "inventory":[{
          "refId":"ingred_bonemeal_01",
          "count":1,
          "charge":-1,
          "enchantmentCharge":-1,
          "soul":""
        }]
    },
    "388666-0":{
      "refId":"urn_ash00",
      "inventory":[{
          "refId":"ingred_bonemeal_01",
          "count":1,
          "charge":-1,
          "enchantmentCharge":-1,
          "soul":""
        }]
    },
    "0-1656":{
      "refId":"ancestor_ghost",
      "location":{
        "posX":-2115.6687011719,
        "posZ":1153,
        "posY":-1199.54296875,
        "rotX":0,
        "rotY":0,
        "rotZ":2.9802322387695e-007
      },
      "stats":{
        "healthCurrent":23,
        "magickaCurrent":400,
        "healthModified":23,
        "fatigueBase":400,
        "fatigueModified":400,
        "healthBase":23,
        "magickaModified":400,
        "magickaBase":400,
        "fatigueCurrent":400
      }
    },
    "388660-0":{
      "refId":"urn_ash00",
      "inventory":[{
          "refId":"ingred_bonemeal_01",
          "count":1,
          "charge":-1,
          "enchantmentCharge":-1,
          "soul":""
        }]
    },
    "388648-0":{
      "refId":"urn_ash00",
      "inventory":[{
          "refId":"ingred_bonemeal_01",
          "count":1,
          "charge":-1,
          "enchantmentCharge":-1,
          "soul":""
        }]
    },
    "388662-0":{
      "refId":"urn_ash00",
      "inventory":[{
          "refId":"ingred_bonemeal_01",
          "count":1,
          "charge":-1,
          "enchantmentCharge":-1,
          "soul":""
        }]
    },
    "388675-0":{
      "refId":"chest_tomb_small01",
      "inventory":[{
          "refId":"misc_soulgem_petty",
          "count":1,
          "charge":-1,
          "enchantmentCharge":-1,
          "soul":""
        }]
    },
    "388663-0":{
      "refId":"urn_ash00",
      "inventory":[{
          "refId":"ingred_bonemeal_01",
          "count":1,
          "charge":-1,
          "enchantmentCharge":-1,
          "soul":""
        }]
    },
    "388651-0":{
      "refId":"urn_ash00",
      "inventory":[{
          "refId":"ingred_bonemeal_01",
          "count":1,
          "charge":-1,
          "enchantmentCharge":-1,
          "soul":""
        }]
    },
    "388647-0":{
      "refId":"urn_ash00",
      "inventory":[{
          "refId":"ingred_bonemeal_01",
          "count":1,
          "charge":-1,
          "enchantmentCharge":-1,
          "soul":""
        }]
    },
    "388658-0":{
      "refId":"urn_ash00",
      "inventory":[{
          "refId":"ingred_bonemeal_01",
          "count":1,
          "charge":-1,
          "enchantmentCharge":-1,
          "soul":""
        }]
    },