{
  "packets":{
    "actorList":["0-1661","0-1662","0-1663","0-1664","85488-0","85489-0","85490-0","85567-0"],
    "ai":[],
    "cellChangeFrom":[],
    "cellChangeTo":[],
    "container":["421971-0","85488-0","85489-0","85490-0","85567-0"],
    "death":[],
    "delete":[],
    "doorState":[],
    "equipment":["85488-0","85489-0","85490-0","85567-0"],
    "lock":[],
    "place":[],
    "position":["85488-0","85489-0","85490-0","85567-0","0-1661","0-1662","0-1663","0-1664"],
    "scale":[],
    "spawn":["0-1661","0-1662","0-1663","0-1664"],
    "state":[],
    "statsDynamic":["85488-0","85489-0","85490-0","85567-0","0-1661","0-1662","0-1663","0-1664"],
    "trap":[]
  },
  "entry":{
    "creationTime":1547248201,
    "description":"Rissun"
  },
  "lastVisit":{
    "urm":1547248201
  },
  "recordLinks":[],
  "objectData":{
    "0-1664":{
      "refId":"ash_slave",
      "location":{
        "posX":1150.837890625,
        "posZ":-700.74597167969,
        "posY":1132.6781005859,
        "rotX":0,
        "rotY":0,
        "rotZ":5.033185005188
      },
      "stats":{
        "healthCurrent":60,
        "magickaCurrent":134,
        "healthModified":60,
        "fatigueBase":356,
        "fatigueModified":356,
        "healthBase":60,
        "magickaModified":134,
        "magickaBase":134,
        "fatigueCurrent":356
      }
    },
    "85490-0":{
      "refId":"dreamer_02",
      "location":{
        "posX":327.65240478516,
        "posZ":-1395.0369873047,
        "posY":3735.5419921875,
        "rotX":0,
        "rotY":0,
        "rotZ":3.099999666214
      },
      "stats":{
        "healthCurrent":40,
        "magickaCurrent":80,
        "healthModified":40,
        "fatigueBase":160,
        "fatigueModified":160,
        "healthBase":40,
        "magickaModified":80,
        "magickaBase":80,
        "fatigueCurrent":160
      },
      "equipment":{
        "16":{
          "refId":"iron club",
          "count":1,
          "charge":-1,
          "enchantmentCharge":-1
        }
      },
      "inventory":[{
          "refId":"iron club",
          "count":1,
          "charge":-1,
          "enchantmentCharge":-1,
          "soul":""
        }]
    },
    "85488-0":{
      "refId":"dreamer_f_01",
      "location":{
        "posX":2378.1691894531,
        "posZ":-1493.7055664063,
        "posY":3949.1364746094,
        "rotX":0,
        "rotY":0,
        "rotZ":3.7831892967224
      },
      "stats":{
        "healthCurrent":35,
        "magickaCurrent":80,
        "healthModified":35,
        "fatigueBase":150,
        "fatigueModified":150,
        "healthBase":35,
        "magickaModified":80,
        "magickaBase":80,
        "fatigueCurrent":150
      },
      "equipment":{
        "16":{
          "refId":"iron club",
          "count":1,
          "charge":-1,
          "enchantmentCharge":-1
        }
      },
      "inventory":[{
          "refId":"ingred_6th_corprusmeat_04",
          "count":1,
          "charge":-1,
          "enchantmentCharge":-1,
          "soul":""
        },{
          "refId":"iron club",
          "count":1,
          "charge":-1,
          "enchantmentCharge":-1,
          "soul":""
        }]
    },
    "0-1661":{
      "refId":"corprus_stalker",
      "location":{
        "posX":2580.1198730469,
        "posZ":-1414.5710449219,
        "posY":7366.8217773438,
        "rotX":0,
        "rotY":0,
        "rotZ":5.783185005188
      },
      "stats":{
        "healthCurrent":60,
        "magickaCurrent":50,
        "healthModified":60,
        "fatigueBase":300,
        "fatigueModified":300,
        "healthBase":60,
        "magickaModified":50,
        "magickaBase":50,
        "fatigueCurrent":300
      }
    },
    "85489-0":{
      "refId":"dreamer",
      "location":{
        "posX":2322.4509277344,
        "posZ":-1500.9876708984,
        "posY":3833.5090332031,
        "rotX":0,
        "rotY":0,
        "rotZ":4.6831879615784
      },
      "stats":{
        "healthCurrent":40,
        "magickaCurrent":80,
        "healthModified":40,
        "fatigueBase":140,
        "fatigueModified":140,
        "healthBase":40,
        "magickaModified":80,
        "magickaBase":80,
        "fatigueCurrent":140
      },
      "equipment":{
        "16":{
          "refId":"iron club",
          "count":1,
          "charge":-1,
          "enchantmentCharge":-1
        }
      },
      "inventory":[{
          "refId":"ingred_6th_corprusmeat_01",
          "count":1,
          "charge":-1,
          "enchantmentCharge":-1,
          "soul":""
        },{
          "refId":"iron club",
          "count":1,
          "charge":-1,
          "enchantmentCharge":-1,
          "soul":""
        }]
    },
    "421971-0":{
      "refId":"com_chest_02_vault_03",
      "inventory":[{
          "refId":"ingred_diamond_01",
          "count":1,
          "charge":-1,
          "enchantmentCharge":-1,
          "soul":""
        },{
          "refId":"ingred_emerald_01",
          "count":2,
          "charge":-1,
          "enchantmentCharge":-1,
          "soul":""
        },{
          "refId":"ingred_pearl_01",
          "count":1,
          "charge":-1,
          "enchantmentCharge":-1,
          "soul":""
        },{
          "refId":"gold_001",
          "count":353,
          "charge":-1,
          "enchantmentCharge":-1,
          "soul":""
        },{
          "refId":"dwarven battle axe",
          "count":1,
          "charge":-1,
          "enchantmentCharge":-1,
          "soul":""
        }]
    },
    "0-1663":{
      "refId":"corprus_stalker",
      "location":{
        "posX":1587.9846191406,
        "posZ":-1083.7985839844,
        "posY":2338.6694335938,
        "rotX":0,
        "rotY":0,
        "rotZ":2.9831852912903
      },
      "stats":{
        "healthCurrent":60,
        "magickaCurrent":50,
        "healthModified":60,
        "fatigueBase":300,
        "fatigueModified":300,
        "healthBase":60,
        "magickaModified":50,
        "magickaBase":50,
        "fatigueCurrent":300
      }
    },
    "85567-0":{
      "refId":"dead de female_01",
      "location":{
        "posX":-1134.7392578125,
        "posZ":-899.40991210938,
        "posY":6525.6455078125,
        "rotX":0,
        "rotY":0,
        "rotZ":1.7000002861023
      },
      "stats":{
        "healthCurrent":0,
        "magickaCurrent":20,
        "healthModified":0,
        "fatigueBase":187,
        "fatigueModified":187,
        "healthBase":0,
        "magickaModified":20,
        "magickaBase":20,
        "fatigueCurrent":187
      },
      "equipment":{
        "7":{
          "refId":"common_shoes_02",
          "count":1,
          "charge":-1,
          "enchantmentCharge":-1
        },
        "8":{
          "refId":"common_shirt_02_r",
          "count":1,
          "charge":-1,
          "enchantmentCharge":-1
        },
        "16":{
          "refId":"iron longsword",
          "count":1,
          "charge":-1,
          "enchantmentCharge":-1
        },
        "9":{
          "refId":"common_pants_02",
          "count":1,
          "charge":-1,
          "enchantmentCharge":-1
        }
      },
      "inventory":[{
          "refId":"common_shirt_02_r",
          "count":1,
          "charge":-1,
          "enchantmentCharge":-1,
          "soul":""
        },{
          "refId":"common_shoes_02",
          "count":1,
          "charge":-1,
          "enchantmentCharge":-1,
          "soul":""
        },{
          "refId":"common_pants_02",
          "count":1,
          "charge":-1,
          "enchantmentCharge":-1,
          "soul":""
        },{
          "refId":"pick_apprentice_01",
          "count":1,
          "charge":-1,
          "enchantmentCharge":-1,
          "soul":""
        },{
          "refId":"iron longsword",
          "count":1,
          "charge":-1,
          "enchantmentCharge":-1,
          "soul":""
        }]
    },
    "0-1662":{
      "refId":"ash_slave",