{
  "packets":{
    "actorList":["0-1696","0-1697","0-1698","0-1699"],
    "ai":[],
    "cellChangeFrom":[],
    "cellChangeTo":[],
    "container":[],
    "death":[],
    "delete":[],
    "doorState":[],
    "equipment":[],
    "lock":[],
    "place":[],
    "position":[],
    "scale":[],
    "spawn":["0-1696","0-1697","0-1698","0-1699"],
    "state":[],
    "statsDynamic":[],
    "trap":[]
  },
  "entry":{
    "creationTime":1547248228,
    "description":"Sanit"
  },
  "lastVisit":{
    "urm":1547248228
  },
  "recordLinks":[],
  "objectData":{
    "0-1699":{
      "refId":"corprus_stalker",
      "location":{
        "posX":9032.037109375,
        "posZ":-1252.5310058594,
        "posY":3238.4255371094,
        "rotX":0,
        "rotY":0,
        "rotZ":0
      }
    },
    "0-1696":{
      "refId":"ash_slave",
      "location":{
        "posX":8937.689453125,
        "posZ":-1325.4616699219,
        "posY":5417.7412109375,
        "rotX":0,
        "rotY":0,
        "rotZ":0
      }
    },
    "0-1698":{
      "refId":"bonewalker",
      "location":{
        "posX":6243.2934570313,
        "posZ":-1195.3110351563,
        "posY":3167.921875,
        "rotX":0,
        "rotY":0,
        "rotZ":0
      }
    },
    "0-1697":{
      "refId":"corprus_stalker",
      "location":{
        "posX":7170.30859375,
        "posZ":-1896.4289550781,
        "posY":6548.5209960938,
        "rotX":0,
        "rotY":0,
        "rotZ":0
      }
    }
  }
}