{
  "packets":{
    "actorList":["0-1733","0-1734","0-1735","0-1736","0-1737","0-1738","0-1739","0-1740","0-1741","42604-0","414588-0","414589-0","414590-0"],
    "ai":[],
    "cellChangeFrom":[],
    "cellChangeTo":[],
    "container":["42596-0","42597-0","42598-0","42599-0","42600-0","42601-0","42607-0","42608-0","42609-0","42610-0","42611-0","42612-0","42695-0","42697-0","42698-0","42699-0","42700-0","42701-0","42702-0","42705-0","42707-0","42708-0","42709-0","42710-0","42714-0","42716-0","42724-0","42725-0","42726-0","42738-0","42739-0","42740-0","42741-0","42742-0","42604-0","414588-0","414589-0","414590-0"],
    "death":[],
    "delete":[],
    "doorState":[],
    "equipment":[],
    "lock":[],
    "place":[],
    "position":["414588-0","414589-0","414590-0","42604-0","0-1733","0-1734","0-1735","0-1736","0-1737","0-1738","0-1739","0-1740","0-1741"],
    "scale":[],
    "spawn":["0-1733","0-1734","0-1735","0-1736","0-1737","0-1738","0-1739","0-1740","0-1741"],
    "state":[],
    "statsDynamic":["414588-0","414589-0","414590-0","42604-0","0-1733","0-1734","0-1735","0-1736","0-1737","0-1738","0-1739","0-1740","0-1741"],
    "trap":[]
  },
  "entry":{
    "creationTime":1547248237,
    "description":"Setus Egg Mine"
  },
  "lastVisit":{
    "urm":1547248237
  },
  "recordLinks":[],
  "objectData":{
    "0-1733":{
      "refId":"kwama forager",
      "location":{
        "posX":4473.5493164063,
        "posZ":-165.42248535156,
        "posY":1062.2570800781,
        "rotX":0,
        "rotY":0,
        "rotZ":4.5247821807861
      },
      "stats":{
        "healthCurrent":23,
        "magickaCurrent":15,
        "healthModified":23,
        "fatigueBase":300,
        "fatigueModified":300,
        "healthBase":23,
        "magickaModified":15,
        "magickaBase":15,
        "fatigueCurrent":300
      }
    },
    "42599-0":{
      "refId":"egg_kwama00",
      "inventory":[{
          "refId":"food_kwama_egg_02",
          "count":1,
          "charge":-1,
          "enchantmentCharge":-1,
          "soul":""
        }]
    },
    "42741-0":{
      "refId":"egg_kwama00",
      "inventory":[{
          "refId":"food_kwama_egg_02",
          "count":1,
          "charge":-1,
          "enchantmentCharge":-1,
          "soul":""
        }]
    },
    "42697-0":{
      "refId":"egg_kwama00",
      "inventory":[{
          "refId":"food_kwama_egg_02",
          "count":1,
          "charge":-1,
          "enchantmentCharge":-1,
          "soul":""
        }]
    },
    "0-1735":{
      "refId":"kwama forager",
      "location":{
        "posX":2578.7651367188,
        "posZ":-228.51376342773,
        "posY":2359.7634277344,
        "rotX":0,
        "rotY":0,
        "rotZ":0
      },
      "stats":{
        "healthCurrent":23,
        "magickaCurrent":15,
        "healthModified":23,
        "fatigueBase":300,
        "fatigueModified":300,
        "healthBase":23,
        "magickaModified":15,
        "magickaBase":15,
        "fatigueCurrent":300
      }
    },
    "42597-0":{
      "refId":"egg_kwama00",
      "inventory":[{
          "refId":"food_kwama_egg_02",
          "count":1,
          "charge":-1,
          "enchantmentCharge":-1,
          "soul":""
        }]
    },
    "42705-0":{
      "refId":"egg_kwama00",
      "inventory":[{
          "refId":"food_kwama_egg_02",
          "count":1,
          "charge":-1,
          "enchantmentCharge":-1,
          "soul":""
        }]
    },
    "42707-0":{
      "refId":"egg_kwama00",
      "inventory":[{
          "refId":"food_kwama_egg_02",
          "count":1,
          "charge":-1,
          "enchantmentCharge":-1,
          "soul":""
        }]
    },
    "42598-0":{
      "refId":"egg_kwama00",
      "inventory":[{
          "refId":"food_kwama_egg_02",
          "count":1,
          "charge":-1,
          "enchantmentCharge":-1,
          "soul":""
        }]
    },
    "42739-0":{
      "refId":"egg_kwama00",
      "inventory":[{
          "refId":"food_kwama_egg_02",
          "count":1,
          "charge":-1,
          "enchantmentCharge":-1,
          "soul":""
        }]
    },
    "0-1736":{
      "refId":"kwama worker",
      "location":{
        "posX":3640.359375,
        "posZ":-502.90176391602,
        "posY":1547.4028320313,
        "rotX":0,
        "rotY":0,
        "rotZ":0
      },
      "stats":{
        "healthCurrent":30,
        "magickaCurrent":8,
        "healthModified":30,
        "fatigueBase":300,
        "fatigueModified":300,
        "healthBase":30,
        "magickaModified":8,
        "magickaBase":8,
        "fatigueCurrent":300
      }
    },
    "0-1741":{
      "refId":"kwama forager",
      "location":{
        "posX":2589.3764648438,
        "posZ":-389.91741943359,
        "posY":857.17053222656,
        "rotX":0,
        "rotY":0,
        "rotZ":0
      },
      "stats":{
        "healthCurrent":23,
        "magickaCurrent":15,
        "healthModified":23,
        "fatigueBase":300,
        "fatigueModified":300,
        "healthBase":23,
        "magickaModified":15,
        "magickaBase":15,
        "fatigueCurrent":300
      }
    },
    "0-1740":{
      "refId":"kwama worker",
      "location":{
        "posX":785.18786621094,
        "posZ":67.072227478027,
        "posY":2181.7641601563,
        "rotX":0,
        "rotY":0,
        "rotZ":0
      },
      "stats":{
        "healthCurrent":30,
        "magickaCurrent":8,
        "healthModified":30,
        "fatigueBase":300,
        "fatigueModified":300,
        "healthBase":30,
        "magickaModified":8,
        "magickaBase":8,
        "fatigueCurrent":300
      }
    },
    "42724-0":{
      "refId":"egg_kwama00",
      "inventory":[{
          "refId":"food_kwama_egg_02",
          "count":1,
          "charge":-1,
          "enchantmentCharge":-1,
          "soul":""
        }]
    },
    "42702-0":{
      "refId":"egg_kwama00",
      "inventory":[{
          "refId":"food_kwama_egg_02",
          "count":1,
          "charge":-1,
          "enchantmentCharge":-1,
          "soul":""
        }]
    },
    "0-1739":{
      "refId":"kwama forager",
      "location":{
        "posX":1893.1433105469,
        "posZ":136.80810546875,
        "posY":3035.1638183594,
        "rotX":0,
        "rotY":0,
        "rotZ":0
      },
      "stats":{
        "healthCurrent":23,
        "magickaCurrent":15,
        "healthModified":23,
        "fatigueBase":300,
        "fatigueModified":300,
        "healthBase":23,
        "magickaModified":15,
        "magickaBase":15,
        "fatigueCurrent":300
      }
    },
    "414589-0":{
      "refId":"slaughterfish_small",
      "location":{
        "posX":2247.2888183594,
        "posZ":-740.56329345703,
        "posY":1468.6014404297,
        "rotX":0,
        "rotY":0,
        "rotZ":0
      },
      "stats":{
        "healthCurrent":15,
        "magickaCurrent":10,
        "healthModified":15,
        "fatigueBase":300,
        "fatigueModified":300,
        "healthBase":15,
        "magickaModified":10,
        "magickaBase":10,
        "fatigueCurrent":299.79037475586
      },
      "inventory":[{
          "refId":"ingred_scales_01",
          "count":1,
          "charge":-1,
          "enchantmentCharge":-1,
          "soul":""
        }]
    },
    "414590-0":{
      "refId":"slaughterfish_small",
      "location":{
        "posX":2526.5771484375,
        "posZ":-740.72631835938,
        "posY":1670.7987060547,
        "rotX":0,
        "rotY":0,
        "rotZ":0
      },
      "stats":{
        "healthCurrent":15,
        "magickaCurrent":10,
        "healthModified":15,
        "fatigueBase":300,
        "fatigueModified":300,
        "healthBase":15,
        "magickaModified":10,
        "magickaBase":10,
        "fatigueCurrent":299.79037475586
      },
      "inventory":[{
          "refId":"ingred_scales_01",
          "count":1,
          "charge":-1,
          "enchantmentCharge":-1,
          "soul":""
        }]
    },