{
  "packets":{
    "actorList":["0-1775","0-1776","0-1777","0-1778","0-1779","0-1780","480612-0","56351-0"],
    "ai":[],
    "cellChangeFrom":[],
    "cellChangeTo":[],
    "container":["56176-0","56177-0","56179-0","56181-0","56182-0","56184-0","56185-0","56186-0","56187-0","56204-0","56209-0","56210-0","56262-0","56264-0","56266-0","56271-0","56272-0","56274-0","56278-0","56280-0","56281-0","56283-0","56288-0","56289-0","56293-0","56295-0","56296-0","56297-0","56298-0","56300-0","56302-0","56303-0","56304-0","56305-0","56334-0","56335-0","56337-0","56338-0","56340-0","56342-0","56361-0","56366-0","56368-0","56369-0","56372-0","56374-0","56376-0","56377-0","56380-0","56382-0","56384-0","56385-0","56388-0","56389-0","56390-0","480612-0","56351-0"],
    "death":[],
    "delete":[],
    "doorState":[],
    "equipment":["480612-0"],
    "lock":[],
    "place":[],
    "position":["480612-0","56351-0"],
    "scale":[],
    "spawn":["0-1775","0-1776","0-1777","0-1778","0-1779","0-1780"],
    "state":[],
    "statsDynamic":["480612-0","56351-0"],
    "trap":[]
  },
  "entry":{
    "creationTime":1547248256,
    "description":"Sinamusa Egg Mine"
  },
  "lastVisit":{
    "urm":1547248256
  },
  "recordLinks":[],
  "objectData":{
    "56186-0":{
      "refId":"egg_kwama00",
      "inventory":[{
          "refId":"food_kwama_egg_02",
          "count":1,
          "charge":-1,
          "enchantmentCharge":-1,
          "soul":""
        }]
    },
    "56380-0":{
      "refId":"egg_kwama00",
      "inventory":[{
          "refId":"food_kwama_egg_02",
          "count":1,
          "charge":-1,
          "enchantmentCharge":-1,
          "soul":""
        }]
    },
    "56351-0":{
      "refId":"kwama queen_sinamusa",
      "location":{
        "posX":4126.0131835938,
        "posZ":-1650.1975097656,
        "posY":3541.5524902344,
        "rotX":0,
        "rotY":0,
        "rotZ":4.4123892784119
      },
      "stats":{
        "healthCurrent":50,
        "magickaCurrent":50,
        "healthModified":50,
        "fatigueBase":50,
        "fatigueModified":50,
        "healthBase":50,
        "magickaModified":50,
        "magickaBase":50,
        "fatigueCurrent":50
      },
      "inventory":[{
          "refId":"ingred_kwama_cuttle_01",
          "count":1,
          "charge":-1,
          "enchantmentCharge":-1,
          "soul":""
        },{
          "refId":"food_kwama_egg_01",
          "count":1,
          "charge":-1,
          "enchantmentCharge":-1,
          "soul":""
        },{
          "refId":"food_kwama_egg_02",
          "count":1,
          "charge":-1,
          "enchantmentCharge":-1,
          "soul":""
        }]
    },
    "56179-0":{
      "refId":"egg_kwama00",
      "inventory":[{
          "refId":"food_kwama_egg_02",
          "count":1,
          "charge":-1,
          "enchantmentCharge":-1,
          "soul":""
        }]
    },
    "56264-0":{
      "refId":"egg_kwama00",
      "inventory":[{
          "refId":"food_kwama_egg_02",
          "count":1,
          "charge":-1,
          "enchantmentCharge":-1,
          "soul":""
        }]
    },
    "56300-0":{
      "refId":"egg_kwama00",
      "inventory":[{
          "refId":"food_kwama_egg_02",
          "count":1,
          "charge":-1,
          "enchantmentCharge":-1,
          "soul":""
        }]
    },
    "56278-0":{
      "refId":"egg_kwama00",
      "inventory":[{
          "refId":"food_kwama_egg_02",
          "count":1,
          "charge":-1,
          "enchantmentCharge":-1,
          "soul":""
        }]
    },
    "56281-0":{
      "refId":"egg_kwama00",
      "inventory":[{
          "refId":"food_kwama_egg_02",
          "count":1,
          "charge":-1,
          "enchantmentCharge":-1,
          "soul":""
        }]
    },
    "56377-0":{
      "refId":"egg_kwama00",
      "inventory":[{
          "refId":"food_kwama_egg_02",
          "count":1,
          "charge":-1,
          "enchantmentCharge":-1,
          "soul":""
        }]
    },
    "0-1775":{
      "refId":"kwama worker blighted",
      "location":{
        "posX":808.89117431641,
        "posZ":-1529.2972412109,
        "posY":3416.3010253906,
        "rotX":0,
        "rotY":0,
        "rotZ":0
      }
    },
    "0-1778":{
      "refId":"kwama worker blighted",
      "location":{
        "posX":696.27331542969,
        "posZ":-1531.1912841797,
        "posY":2618.8684082031,
        "rotX":0,
        "rotY":0,
        "rotZ":0
      }
    },
    "0-1777":{
      "refId":"kwama worker blighted",
      "location":{
        "posX":1491.4075927734,
        "posZ":-1534.0080566406,
        "posY":2461.1950683594,
        "rotX":0,
        "rotY":0,
        "rotZ":0
      }
    },
    "56262-0":{
      "refId":"egg_kwama00",
      "inventory":[{
          "refId":"food_kwama_egg_02",
          "count":1,
          "charge":-1,
          "enchantmentCharge":-1,
          "soul":""
        }]
    },
    "56271-0":{
      "refId":"egg_kwama00",
      "inventory":[{
          "refId":"food_kwama_egg_02",
          "count":1,
          "charge":-1,
          "enchantmentCharge":-1,
          "soul":""
        }]
    },
    "56297-0":{
      "refId":"egg_kwama00",
      "inventory":[{
          "refId":"food_kwama_egg_02",
          "count":1,
          "charge":-1,
          "enchantmentCharge":-1,
          "soul":""
        }]
    },
    "56368-0":{
      "refId":"egg_kwama00",
      "inventory":[{
          "refId":"food_kwama_egg_02",
          "count":1,
          "charge":-1,
          "enchantmentCharge":-1,
          "soul":""
        }]
    },
    "0-1779":{
      "refId":"kwama worker blighted",
      "location":{
        "posX":3269.5451660156,
        "posZ":-1657.1806640625,
        "posY":3311.2902832031,
        "rotX":0,
        "rotY":0,
        "rotZ":0
      }
    },
    "56361-0":{
      "refId":"egg_kwama00",
      "inventory":[{
          "refId":"food_kwama_egg_02",
          "count":1,
          "charge":-1,
          "enchantmentCharge":-1,
          "soul":""
        }]
    },
    "56338-0":{
      "refId":"egg_kwama00",
      "inventory":[{
          "refId":"food_kwama_egg_02",
          "count":1,
          "charge":-1,
          "enchantmentCharge":-1,
          "soul":""
        }]
    },
    "56342-0":{
      "refId":"egg_kwama00",
      "inventory":[{
          "refId":"food_kwama_egg_02",
          "count":1,
          "charge":-1,
          "enchantmentCharge":-1,
          "soul":""
        }]
    },
    "56210-0":{
      "refId":"egg_kwama00",
      "inventory":[{
          "refId":"food_kwama_egg_02",
          "count":1,
          "charge":-1,
          "enchantmentCharge":-1,
          "soul":""
        }]
    },
    "56288-0":{
      "refId":"egg_kwama00",
      "inventory":[{
          "refId":"food_kwama_egg_02",
          "count":1,
          "charge":-1,
          "enchantmentCharge":-1,
          "soul":""
        }]
    },
    "56390-0":{
      "refId":"egg_kwama00",
      "inventory":[{
          "refId":"food_kwama_egg_02",
          "count":1,
          "charge":-1,
          "enchantmentCharge":-1,
          "soul":""
        }]
    },
    "56296-0":{
      "refId":"egg_kwama00",
      "inventory":[{
          "refId":"food_kwama_egg_02",
          "count":1,
          "charge":-1,
          "enchantmentCharge":-1,
          "soul":""
        }]
    },
    "480612-0":{
      "refId":"miner_dead00",
      "location":{
        "posX":1017.0263061523,
        "posZ":-1536.3012695313,
        "posY":5021.056640625,
        "rotX":0,
        "rotY":0,
        "rotZ":5.5931849479675
      },
      "stats":{
        "healthCurrent":0,
        "magickaCurrent":84,
        "healthModified":0,
        "fatigueBase":193,
        "fatigueModified":193,
        "healthBase":0,
        "magickaModified":84,
        "magickaBase":84,
        "fatigueCurrent":193
      },
      "equipment":{
        "7":{
          "refId":"common_shoes_01",
          "count":1,