{
  "packets":{
    "actorList":["280097-0","280098-0","280099-0","280100-0","280101-0","280102-0","280104-0","280105-0","280107-0","479422-0","479423-0"],
    "ai":[],
    "cellChangeFrom":[],
    "cellChangeTo":[],
    "container":["395691-0","395692-0","395693-0","395694-0","395695-0","395696-0","290649-0","280097-0","280098-0","280099-0","280100-0","280101-0","280102-0","280104-0","280105-0","280107-0","479422-0","479423-0"],
    "death":[],
    "delete":[],
    "doorState":[],
    "equipment":["280097-0","280098-0","280099-0","280100-0","280101-0","280102-0","280104-0","280105-0","280107-0"],
    "lock":[],
    "place":[],
    "position":["280097-0","280098-0","280099-0","280100-0","280101-0","280102-0","280104-0","280105-0","280107-0","479422-0","479423-0"],
    "scale":[],
    "spawn":[],
    "state":[],
    "statsDynamic":["280097-0","280098-0","280099-0","280100-0","280101-0","280102-0","280104-0","280105-0","280107-0","479422-0","479423-0"],
    "trap":[]
  },
  "entry":{
    "creationTime":1547248257,
    "description":"Sinsibadon"
  },
  "lastVisit":{
    "urm":1547248257
  },
  "recordLinks":[],
  "objectData":{
    "280107-0":{
      "refId":"herd",
      "location":{
        "posX":605.01184082031,
        "posZ":433.39981079102,
        "posY":-98.644729614258,
        "rotX":0.46335205435753,
        "rotY":0,
        "rotZ":2.8419477939606
      },
      "stats":{
        "healthCurrent":128,
        "magickaCurrent":76,
        "healthModified":128,
        "fatigueBase":256,
        "fatigueModified":256,
        "healthBase":128,
        "magickaModified":76,
        "magickaBase":76,
        "fatigueCurrent":256
      },
      "equipment":{
        "1":{
          "refId":"netch_leather_cuirass",
          "count":1,
          "charge":-1,
          "enchantmentCharge":-1
        },
        "2":{
          "refId":"netch_leather_greaves",
          "count":1,
          "charge":-1,
          "enchantmentCharge":-1
        },
        "5":{
          "refId":"fur_bracer_left",
          "count":1,
          "charge":-1,
          "enchantmentCharge":-1
        },
        "6":{
          "refId":"fur_bracer_right",
          "count":1,
          "charge":-1,
          "enchantmentCharge":-1
        },
        "7":{
          "refId":"netch_leather_boots",
          "count":1,
          "charge":-1,
          "enchantmentCharge":-1
        },
        "9":{
          "refId":"common_pants_03_c",
          "count":1,
          "charge":-1,
          "enchantmentCharge":-1
        },
        "16":{
          "refId":"steel axe",
          "count":1,
          "charge":-1,
          "enchantmentCharge":-1
        }
      },
      "inventory":[{
          "refId":"fur_bracer_right",
          "count":1,
          "charge":-1,
          "enchantmentCharge":-1,
          "soul":""
        },{
          "refId":"fur_bracer_left",
          "count":1,
          "charge":-1,
          "enchantmentCharge":-1,
          "soul":""
        },{
          "refId":"netch_leather_boots",
          "count":1,
          "charge":-1,
          "enchantmentCharge":-1,
          "soul":""
        },{
          "refId":"netch_leather_greaves",
          "count":1,
          "charge":-1,
          "enchantmentCharge":-1,
          "soul":""
        },{
          "refId":"netch_leather_cuirass",
          "count":1,
          "charge":-1,
          "enchantmentCharge":-1,
          "soul":""
        },{
          "refId":"common_pants_03_c",
          "count":1,
          "charge":-1,
          "enchantmentCharge":-1,
          "soul":""
        },{
          "refId":"gold_001",
          "count":10,
          "charge":-1,
          "enchantmentCharge":-1,
          "soul":""
        },{
          "refId":"steel axe",
          "count":1,
          "charge":-1,
          "enchantmentCharge":-1,
          "soul":""
        }]
    },
    "280105-0":{
      "refId":"dridyn berethi",
      "location":{
        "posX":-1664.1649169922,
        "posZ":671.39196777344,
        "posY":2224.0300292969,
        "rotX":0,
        "rotY":0,
        "rotZ":2.2831881046295
      },
      "stats":{
        "healthCurrent":73,
        "magickaCurrent":126,
        "healthModified":73,
        "fatigueBase":204,
        "fatigueModified":204,
        "healthBase":73,
        "magickaModified":126,
        "magickaBase":126,
        "fatigueCurrent":204
      },
      "equipment":{
        "1":{
          "refId":"netch_leather_cuirass",
          "count":1,
          "charge":-1,
          "enchantmentCharge":-1
        },
        "7":{
          "refId":"common_shoes_04",
          "count":1,
          "charge":-1,
          "enchantmentCharge":-1
        },
        "16":{
          "refId":"steel war axe",
          "count":1,
          "charge":-1,
          "enchantmentCharge":-1
        },
        "11":{
          "refId":"common_robe_05",
          "count":1,
          "charge":-1,
          "enchantmentCharge":-1
        }
      },
      "inventory":[{
          "refId":"p_invisibility_b",
          "count":1,
          "charge":-1,
          "enchantmentCharge":-1,
          "soul":""
        },{
          "refId":"netch_leather_cuirass",
          "count":1,
          "charge":-1,
          "enchantmentCharge":-1,
          "soul":""
        },{
          "refId":"common_robe_05",
          "count":1,
          "charge":-1,
          "enchantmentCharge":-1,
          "soul":""
        },{
          "refId":"common_shoes_04",
          "count":1,
          "charge":-1,
          "enchantmentCharge":-1,
          "soul":""
        },{
          "refId":"steel war axe",
          "count":1,
          "charge":-1,
          "enchantmentCharge":-1,
          "soul":""
        }]
    },
    "290649-0":{
      "refId":"com_chest_11_k03",
      "inventory":[{
          "refId":"common_pants_02",
          "count":1,
          "charge":-1,
          "enchantmentCharge":-1,
          "soul":""
        },{
          "refId":"misc_com_bottle_10",
          "count":1,
          "charge":-1,
          "enchantmentCharge":-1,
          "soul":""
        }]
    },
    "395692-0":{
      "refId":"barrel_bandit_01",
      "inventory":[{
          "refId":"potion_comberry_brandy_01",
          "count":1,
          "charge":-1,
          "enchantmentCharge":-1,
          "soul":""
        }]
    },
    "395694-0":{
      "refId":"crate_bandit_01",
      "inventory":[{
          "refId":"potion_local_brew_01",
          "count":1,
          "charge":-1,
          "enchantmentCharge":-1,
          "soul":""
        },{
          "refId":"ingred_hound_meat_01",
          "count":1,
          "charge":-1,
          "enchantmentCharge":-1,
          "soul":""
        }]
    },
    "479422-0":{
      "refId":"nix-hound",
      "location":{
        "posX":-23.711469650269,
        "posZ":396.18380737305,
        "posY":476.44589233398,
        "rotX":0,
        "rotY":0,
        "rotZ":3.5999991893768
      },
      "stats":{
        "healthCurrent":23,
        "magickaCurrent":10,
        "healthModified":23,
        "fatigueBase":400,
        "fatigueModified":400,
        "healthBase":23,
        "magickaModified":10,
        "magickaBase":10,
        "fatigueCurrent":400
      },
      "inventory":[{
          "refId":"ingred_hound_meat_01",
          "count":1,
          "charge":-1,
          "enchantmentCharge":-1,
          "soul":""
        }]
    },
    "280100-0":{
      "refId":"am-ra",
      "location":{
        "posX":-2835.7231445313,
        "posZ":531.18298339844,
        "posY":1408.6467285156,
        "rotX":0,
        "rotY":0,
        "rotZ":5.9000000953674
      },
      "stats":{
        "healthCurrent":40,
        "magickaCurrent":97,
        "healthModified":40,
        "fatigueBase":160,
        "fatigueModified":160,
        "healthBase":40,
        "magickaModified":97,
        "magickaBase":100,
        "fatigueCurrent":160
      },