{
  "packets":{
    "actorList":["0-1790","0-1791","0-1792","0-1793","292227-0","292228-0","402058-0","402059-0","402060-0"],
    "ai":[],
    "cellChangeFrom":[],
    "cellChangeTo":[],
    "container":["402157-0","402158-0","402159-0","402160-0","402168-0","402178-0","402179-0","402181-0","402182-0","472775-0","292227-0","292228-0","402058-0","402059-0","402060-0"],
    "death":[],
    "delete":[],
    "doorState":[],
    "equipment":["292227-0","292228-0","402058-0","402059-0","402060-0"],
    "lock":[],
    "place":[],
    "position":["292227-0","292228-0","402058-0","402059-0","402060-0","0-1790","0-1791","0-1792","0-1793"],
    "scale":[],
    "spawn":["0-1790","0-1791","0-1792","0-1793"],
    "state":[],
    "statsDynamic":["292227-0","292228-0","402058-0","402059-0","402060-0","0-1790","0-1791","0-1792","0-1793"],
    "trap":[]
  },
  "entry":{
    "creationTime":1547248262,
    "description":"Sud"
  },
  "lastVisit":{
    "urm":1547248262
  },
  "recordLinks":[],
  "objectData":{
    "0-1792":{
      "refId":"scamp",
      "location":{
        "posX":1540.9155273438,
        "posZ":98.932998657227,
        "posY":1268.642578125,
        "rotX":0,
        "rotY":0,
        "rotZ":4.9500007629395
      },
      "stats":{
        "healthCurrent":45,
        "magickaCurrent":100,
        "healthModified":45,
        "fatigueBase":400,
        "fatigueModified":400,
        "healthBase":45,
        "magickaModified":100,
        "magickaBase":100,
        "fatigueCurrent":400
      }
    },
    "472775-0":{
      "refId":"com_chest_02_sud1",
      "inventory":[{
          "refId":"p_levitation_c",
          "count":2,
          "charge":-1,
          "enchantmentCharge":-1,
          "soul":""
        },{
          "refId":"p_restore_health_c",
          "count":2,
          "charge":-1,
          "enchantmentCharge":-1,
          "soul":""
        },{
          "refId":"p_jump_s",
          "count":2,
          "charge":-1,
          "enchantmentCharge":-1,
          "soul":""
        },{
          "refId":"gold_001",
          "count":54,
          "charge":-1,
          "enchantmentCharge":-1,
          "soul":""
        }]
    },
    "402058-0":{
      "refId":"skeleton archer",
      "location":{
        "posX":2296,
        "posZ":-299.05554199219,
        "posY":-224,
        "rotX":0,
        "rotY":0,
        "rotZ":4.5331854820251
      },
      "stats":{
        "healthCurrent":38,
        "magickaCurrent":30,
        "healthModified":38,
        "fatigueBase":1000,
        "fatigueModified":1000,
        "healthBase":38,
        "magickaModified":30,
        "magickaBase":30,
        "fatigueCurrent":1000
      },
      "equipment":[],
      "inventory":[{
          "refId":"iron arrow",
          "count":60,
          "charge":-1,
          "enchantmentCharge":-1,
          "soul":""
        },{
          "refId":"long bow",
          "count":1,
          "charge":-1,
          "enchantmentCharge":-1,
          "soul":""
        }]
    },
    "402181-0":{
      "refId":"urn_02_ingred",
      "inventory":[]
    },
    "292228-0":{
      "refId":"anirne",
      "location":{
        "posX":2641.7185058594,
        "posZ":331.80447387695,
        "posY":3002.6740722656,
        "rotX":0,
        "rotY":0,
        "rotZ":3.5331871509552
      },
      "stats":{
        "healthCurrent":106,
        "magickaCurrent":329,
        "healthModified":106,
        "fatigueBase":241,
        "fatigueModified":241,
        "healthBase":106,
        "magickaModified":329,
        "magickaBase":329,
        "fatigueCurrent":241
      },
      "equipment":{
        "7":{
          "refId":"expensive_shoes_02",
          "count":1,
          "charge":-1,
          "enchantmentCharge":-1
        },
        "16":{
          "refId":"glass netch dagger",
          "count":1,
          "charge":-1,
          "enchantmentCharge":-1
        },
        "11":{
          "refId":"extravagant_robe_01_a",
          "count":1,
          "charge":-1,
          "enchantmentCharge":-1
        }
      },
      "inventory":[{
          "refId":"extravagant_robe_01_a",
          "count":1,
          "charge":-1,
          "enchantmentCharge":-1,
          "soul":""
        },{
          "refId":"expensive_shoes_02",
          "count":1,
          "charge":-1,
          "enchantmentCharge":-1,
          "soul":""
        },{
          "refId":"gold_001",
          "count":14,
          "charge":-1,
          "enchantmentCharge":-1,
          "soul":""
        },{
          "refId":"ebony wizard's staff",
          "count":1,
          "charge":-1,
          "enchantmentCharge":-1,
          "soul":""
        },{
          "refId":"glass netch dagger",
          "count":1,
          "charge":-1,
          "enchantmentCharge":-1,
          "soul":""
        }]
    },
    "292227-0":{
      "refId":"gorenea andrano",
      "location":{
        "posX":411.34631347656,
        "posZ":-249.15936279297,
        "posY":-824.36889648438,
        "rotX":0,
        "rotY":0,
        "rotZ":0.9000004529953
      },
      "stats":{
        "healthCurrent":116,
        "magickaCurrent":172,
        "healthModified":116,
        "fatigueBase":247,
        "fatigueModified":247,
        "healthBase":116,
        "magickaModified":172,
        "magickaBase":172,
        "fatigueCurrent":247
      },
      "equipment":{
        "7":{
          "refId":"exquisite_shoes_01",
          "count":1,
          "charge":-1,
          "enchantmentCharge":-1
        },
        "16":{
          "refId":"chitin shortsword",
          "count":1,
          "charge":-1,
          "enchantmentCharge":-1
        },
        "11":{
          "refId":"exquisite_robe_01",
          "count":1,
          "charge":-1,
          "enchantmentCharge":-1
        },
        "12":{
          "refId":"common_ring_05",
          "count":1,
          "charge":-1,
          "enchantmentCharge":-1
        }
      },
      "inventory":[{
          "refId":"p_fire_resistance_b",
          "count":1,
          "charge":-1,
          "enchantmentCharge":-1,
          "soul":""
        },{
          "refId":"exquisite_robe_01",
          "count":1,
          "charge":-1,
          "enchantmentCharge":-1,
          "soul":""
        },{
          "refId":"exquisite_shoes_01",
          "count":1,
          "charge":-1,
          "enchantmentCharge":-1,
          "soul":""
        },{
          "refId":"common_ring_05",
          "count":1,
          "charge":-1,
          "enchantmentCharge":-1,
          "soul":""
        },{
          "refId":"gold_001",
          "count":11,
          "charge":-1,
          "enchantmentCharge":-1,
          "soul":""
        },{
          "refId":"chitin shortsword",
          "count":1,
          "charge":-1,
          "enchantmentCharge":-1,
          "soul":""
        }]
    },
    "0-1793":{
      "refId":"scamp",
      "location":{
        "posX":3608.7055664063,
        "posZ":100.35424804688,
        "posY":1302.1359863281,
        "rotX":0,
        "rotY":0,
        "rotZ":1.8500003814697
      },
      "stats":{
        "healthCurrent":45,
        "magickaCurrent":100,
        "healthModified":45,
        "fatigueBase":400,
        "fatigueModified":400,
        "healthBase":45,
        "magickaModified":100,
        "magickaBase":100,
        "fatigueCurrent":400
      }
    },
    "402060-0":{
      "refId":"skeleton archer",
      "location":{
        "posX":2296,
        "posZ":-299.01708984375,
        "posY":-600,
        "rotX":0,
        "rotY":0,
        "rotZ":4.5331854820251
      },
      "stats":{
        "healthCurrent":38,
        "magickaCurrent":30,
        "healthModified":38,
        "fatigueBase":1000,
        "fatigueModified":1000,
        "healthBase":38,
        "magickaModified":30,
        "magickaBase":30,
        "fatigueCurrent":1000
      },
      "equipment":[],
      "inventory":[{
          "refId":"iron arrow",
          "count":60,