{
  "packets":{
    "actorList":["176998-0","176999-0","177000-0","177001-0","177002-0","177003-0","177015-0","176996-0"],
    "ai":[],
    "cellChangeFrom":[],
    "cellChangeTo":[],
    "container":["176998-0","176999-0","177000-0","177001-0","177002-0","177003-0","177015-0","176996-0"],
    "death":[],
    "delete":[],
    "doorState":[],
    "equipment":["176996-0","176998-0","176999-0","177000-0","177001-0","177002-0","177003-0","177015-0"],
    "lock":[],
    "place":[],
    "position":["176996-0","176998-0","176999-0","177000-0","177001-0","177002-0","177003-0","177015-0"],
    "scale":[],
    "spawn":[],
    "state":[],
    "statsDynamic":["176996-0","176998-0","176999-0","177000-0","177001-0","177002-0","177003-0","177015-0"],
    "trap":[]
  },
  "entry":{
    "creationTime":1547248274,
    "description":"Tel Aruhn, Underground"
  },
  "lastVisit":{
    "urm":1547248274
  },
  "recordLinks":[],
  "objectData":{
    "176999-0":{
      "refId":"jadier mannick",
      "location":{
        "posX":-402.20303344727,
        "posZ":-108.26126098633,
        "posY":-2258.5712890625,
        "rotX":0,
        "rotY":0,
        "rotZ":0.78318679332733
      },
      "stats":{
        "healthCurrent":60,
        "magickaCurrent":127,
        "healthModified":60,
        "fatigueBase":179,
        "fatigueModified":179,
        "healthBase":60,
        "magickaModified":127,
        "magickaBase":130,
        "fatigueCurrent":179
      },
      "equipment":[null,null,null,null,{
          "refId":"slave_bracer_left",
          "count":1,
          "charge":-1,
          "enchantmentCharge":-1
        },null,null,null,{
          "refId":"common_pants_02",
          "count":1,
          "charge":-1,
          "enchantmentCharge":-1
        }],
      "inventory":[{
          "refId":"slave_bracer_left",
          "count":1,
          "charge":-1,
          "enchantmentCharge":-1,
          "soul":""
        },{
          "refId":"common_pants_02",
          "count":1,
          "charge":-1,
          "enchantmentCharge":-1,
          "soul":""
        }]
    },
    "177015-0":{
      "refId":"mogak gra-ugruma",
      "location":{
        "posX":-93.871475219727,
        "posZ":-6.6564316749573,
        "posY":-2336.1872558594,
        "rotX":0,
        "rotY":0,
        "rotZ":5.5831866264343
      },
      "stats":{
        "healthCurrent":160,
        "magickaCurrent":100,
        "healthModified":160,
        "fatigueBase":290,
        "fatigueModified":290,
        "healthBase":160,
        "magickaModified":100,
        "magickaBase":100,
        "fatigueCurrent":290
      },
      "equipment":{
        "0":{
          "refId":"cephalopod_helm",
          "count":1,
          "charge":-1,
          "enchantmentCharge":-1
        },
        "1":{
          "refId":"netch_leather_boiled_cuirass",
          "count":1,
          "charge":-1,
          "enchantmentCharge":-1
        },
        "2":{
          "refId":"netch_leather_greaves",
          "count":1,
          "charge":-1,
          "enchantmentCharge":-1
        },
        "3":{
          "refId":"netch_leather_pauldron_left",
          "count":1,
          "charge":-1,
          "enchantmentCharge":-1
        },
        "4":{
          "refId":"netch_leather_pauldron_right",
          "count":1,
          "charge":-1,
          "enchantmentCharge":-1
        },
        "7":{
          "refId":"netch_leather_boots",
          "count":1,
          "charge":-1,
          "enchantmentCharge":-1
        },
        "15":{
          "refId":"bone guard belt",
          "count":1,
          "charge":-1,
          "enchantmentCharge":-1
        },
        "16":{
          "refId":"steel crossbow",
          "count":1,
          "charge":-1,
          "enchantmentCharge":-1
        },
        "17":{
          "refId":"chitin_shield",
          "count":1,
          "charge":-1,
          "enchantmentCharge":-1
        }
      },
      "inventory":[{
          "refId":"p_levitation_q",
          "count":1,
          "charge":-1,
          "enchantmentCharge":-1,
          "soul":""
        },{
          "refId":"chitin_shield",
          "count":1,
          "charge":-1,
          "enchantmentCharge":-1,
          "soul":""
        },{
          "refId":"netch_leather_boots",
          "count":1,
          "charge":-1,
          "enchantmentCharge":-1,
          "soul":""
        },{
          "refId":"netch_leather_greaves",
          "count":1,
          "charge":-1,
          "enchantmentCharge":-1,
          "soul":""
        },{
          "refId":"netch_leather_pauldron_right",
          "count":1,
          "charge":-1,
          "enchantmentCharge":-1,
          "soul":""
        },{
          "refId":"netch_leather_pauldron_left",
          "count":1,
          "charge":-1,
          "enchantmentCharge":-1,
          "soul":""
        },{
          "refId":"netch_leather_boiled_cuirass",
          "count":1,
          "charge":-1,
          "enchantmentCharge":-1,
          "soul":""
        },{
          "refId":"cephalopod_helm",
          "count":1,
          "charge":-1,
          "enchantmentCharge":-1,
          "soul":""
        },{
          "refId":"fiend helm",
          "count":1,
          "charge":-1,
          "enchantmentCharge":-1,
          "soul":""
        },{
          "refId":"bone guard belt",
          "count":1,
          "charge":-1,
          "enchantmentCharge":-1,
          "soul":""
        },{
          "refId":"grey shaft of holding",
          "count":20,
          "charge":-1,
          "enchantmentCharge":-1,
          "soul":""
        },{
          "refId":"steel crossbow",
          "count":1,
          "charge":-1,
          "enchantmentCharge":-1,
          "soul":""
        },{
          "refId":"fireblade",
          "count":1,
          "charge":-1,
          "enchantmentCharge":-1,
          "soul":""
        }]
    },
    "176998-0":{
      "refId":"davina",
      "location":{
        "posX":-263.50277709961,
        "posZ":-111.00009155273,
        "posY":-1971.4948730469,
        "rotX":0,
        "rotY":0,
        "rotZ":3.0831861495972
      },
      "stats":{
        "healthCurrent":63,
        "magickaCurrent":61.025333404541,
        "healthModified":63,
        "fatigueBase":183,
        "fatigueModified":183,
        "healthBase":63,
        "magickaModified":61.025333404541,
        "magickaBase":64,
        "fatigueCurrent":183
      },
      "equipment":[null,null,null,null,{
          "refId":"slave_bracer_left",
          "count":1,
          "charge":-1,
          "enchantmentCharge":-1
        },null,null,null,null,{
          "refId":"common_skirt_02",
          "count":1,
          "charge":-1,
          "enchantmentCharge":-1
        }],
      "inventory":[{
          "refId":"slave_bracer_left",
          "count":1,
          "charge":-1,
          "enchantmentCharge":-1,
          "soul":""
        },{
          "refId":"common_skirt_02",
          "count":1,
          "charge":-1,
          "enchantmentCharge":-1,
          "soul":""
        }]
    },
    "177002-0":{
      "refId":"manilian scerius",
      "location":{
        "posX":-178.01962280273,
        "posZ":-110.99982452393,
        "posY":-2016.0740966797,
        "rotX":0,
        "rotY":0,
        "rotZ":3.7831864356995
      },
      "stats":{
        "healthCurrent":58,
        "magickaCurrent":81,
        "healthModified":58,
        "fatigueBase":163,
        "fatigueModified":163,
        "healthBase":58,
        "magickaModified":81,
        "magickaBase":84,
        "fatigueCurrent":163
      },
      "equipment":[null,null,null,null,null,{
          "refId":"slave_bracer_right",
          "count":1,
          "charge":-1,
          "enchantmentCharge":-1
        },null,null,{
          "refId":"common_pants_02",
          "count":1,
          "charge":-1,
          "enchantmentCharge":-1
        }],