{
  "packets":{
    "actorList":["0-1814","112453-0","112455-0","112456-0","112457-0","112458-0","127655-0","112454-0","465974-0","465975-0"],
    "ai":[],
    "cellChangeFrom":[],
    "cellChangeTo":[],
    "container":["428208-0","428209-0","112453-0","112455-0","112456-0","112457-0","112458-0","127655-0","112454-0","465974-0","465975-0"],
    "death":[],
    "delete":[],
    "doorState":[],
    "equipment":["112453-0","112454-0","112455-0","112456-0","112457-0","112458-0","127655-0"],
    "lock":[],
    "place":[],
    "position":["112453-0","112454-0","112455-0","112456-0","112457-0","112458-0","127655-0","465974-0","465975-0","0-1814"],
    "scale":[],
    "spawn":["0-1814"],
    "state":[],
    "statsDynamic":["112453-0","112454-0","112455-0","112456-0","112457-0","112458-0","127655-0","465974-0","465975-0","0-1814"],
    "trap":[]
  },
  "entry":{
    "creationTime":1547248296,
    "description":"Telasero, Lower Level"
  },
  "lastVisit":{
    "urm":1547248296
  },
  "recordLinks":[],
  "objectData":{
    "112457-0":{
      "refId":"dreamer_02",
      "location":{
        "posX":7681.9213867188,
        "posZ":-895.00006103516,
        "posY":6582.7626953125,
        "rotX":0,
        "rotY":0,
        "rotZ":3.75
      },
      "stats":{
        "healthCurrent":40,
        "magickaCurrent":80,
        "healthModified":40,
        "fatigueBase":160,
        "fatigueModified":160,
        "healthBase":40,
        "magickaModified":80,
        "magickaBase":80,
        "fatigueCurrent":160
      },
      "equipment":{
        "16":{
          "refId":"iron club",
          "count":1,
          "charge":-1,
          "enchantmentCharge":-1
        }
      },
      "inventory":[{
          "refId":"iron club",
          "count":1,
          "charge":-1,
          "enchantmentCharge":-1,
          "soul":""
        }]
    },
    "112456-0":{
      "refId":"dreamer",
      "location":{
        "posX":6833.50390625,
        "posZ":-889.96282958984,
        "posY":7255.78515625,
        "rotX":0,
        "rotY":0,
        "rotZ":5.5831861495972
      },
      "stats":{
        "healthCurrent":40,
        "magickaCurrent":80,
        "healthModified":40,
        "fatigueBase":140,
        "fatigueModified":140,
        "healthBase":40,
        "magickaModified":80,
        "magickaBase":80,
        "fatigueCurrent":140
      },
      "equipment":{
        "16":{
          "refId":"iron club",
          "count":1,
          "charge":-1,
          "enchantmentCharge":-1
        }
      },
      "inventory":[{
          "refId":"ingred_6th_corprusmeat_01",
          "count":1,
          "charge":-1,
          "enchantmentCharge":-1,
          "soul":""
        },{
          "refId":"iron club",
          "count":1,
          "charge":-1,
          "enchantmentCharge":-1,
          "soul":""
        }]
    },
    "112455-0":{
      "refId":"dreamer_f_01",
      "location":{
        "posX":6468.640625,
        "posZ":-895,
        "posY":6349.91015625,
        "rotX":0.011388371698558,
        "rotY":0,
        "rotZ":-0.66451001167297
      },
      "stats":{
        "healthCurrent":35,
        "magickaCurrent":80,
        "healthModified":35,
        "fatigueBase":150,
        "fatigueModified":150,
        "healthBase":35,
        "magickaModified":80,
        "magickaBase":80,
        "fatigueCurrent":150
      },
      "equipment":{
        "16":{
          "refId":"iron club",
          "count":1,
          "charge":-1,
          "enchantmentCharge":-1
        }
      },
      "inventory":[{
          "refId":"ingred_6th_corprusmeat_04",
          "count":1,
          "charge":-1,
          "enchantmentCharge":-1,
          "soul":""
        },{
          "refId":"iron club",
          "count":1,
          "charge":-1,
          "enchantmentCharge":-1,
          "soul":""
        }]
    },
    "112453-0":{
      "refId":"dreamer",
      "location":{
        "posX":5436.2583007813,
        "posZ":-895.00006103516,
        "posY":6291.0483398438,
        "rotX":0,
        "rotY":0,
        "rotZ":2.1707963943481
      },
      "stats":{
        "healthCurrent":40,
        "magickaCurrent":80,
        "healthModified":40,
        "fatigueBase":140,
        "fatigueModified":140,
        "healthBase":40,
        "magickaModified":80,
        "magickaBase":80,
        "fatigueCurrent":140
      },
      "equipment":{
        "16":{
          "refId":"iron club",
          "count":1,
          "charge":-1,
          "enchantmentCharge":-1
        }
      },
      "inventory":[{
          "refId":"ingred_6th_corprusmeat_01",
          "count":1,
          "charge":-1,
          "enchantmentCharge":-1,
          "soul":""
        },{
          "refId":"iron club",
          "count":1,
          "charge":-1,
          "enchantmentCharge":-1,
          "soul":""
        }]
    },
    "127655-0":{
      "refId":"sondaale of shimmerene",
      "location":{
        "posX":7831.2578125,
        "posZ":-827.48059082031,
        "posY":7544.8173828125,
        "rotX":0,
        "rotY":0,
        "rotZ":5.1831865310669
      },
      "stats":{
        "healthCurrent":55,
        "magickaCurrent":245,
        "healthModified":55,
        "fatigueBase":176,
        "fatigueModified":176,
        "healthBase":55,
        "magickaModified":245,
        "magickaBase":245,
        "fatigueCurrent":176
      },
      "equipment":{
        "1":{
          "refId":"imperial_studded_cuirass",
          "count":1,
          "charge":-1,
          "enchantmentCharge":-1
        },
        "7":{
          "refId":"common_shoes_04",
          "count":1,
          "charge":-1,
          "enchantmentCharge":-1
        },
        "8":{
          "refId":"common_shirt_04",
          "count":1,
          "charge":-1,
          "enchantmentCharge":-1
        },
        "14":{
          "refId":"common_amulet_05",
          "count":1,
          "charge":-1,
          "enchantmentCharge":-1
        },
        "9":{
          "refId":"common_pants_05",
          "count":1,
          "charge":-1,
          "enchantmentCharge":-1
        }
      },
      "inventory":[{
          "refId":"netch_leather_greaves",
          "count":1,
          "charge":-1,
          "enchantmentCharge":-1,
          "soul":""
        },{
          "refId":"imperial_studded_cuirass",
          "count":1,
          "charge":-1,
          "enchantmentCharge":-1,
          "soul":""
        },{
          "refId":"common_amulet_05",
          "count":1,
          "charge":-1,
          "enchantmentCharge":-1,
          "soul":""
        },{
          "refId":"common_shirt_04",
          "count":1,
          "charge":-1,
          "enchantmentCharge":-1,
          "soul":""
        },{
          "refId":"common_shoes_04",
          "count":1,
          "charge":-1,
          "enchantmentCharge":-1,
          "soul":""
        },{
          "refId":"common_pants_05",
          "count":1,
          "charge":-1,
          "enchantmentCharge":-1,
          "soul":""
        }]
    },
    "428209-0":{
      "refId":"chest_small_02_misc",
      "inventory":[{
          "refId":"exquisite_amulet_01",
          "count":1,
          "charge":-1,
          "enchantmentCharge":-1,
          "soul":""
        },{
          "refId":"extravagant_ring_01",
          "count":1,
          "charge":-1,
          "enchantmentCharge":-1,
          "soul":""
        },{
          "refId":"gold_001",
          "count":10,
          "charge":-1,
          "enchantmentCharge":-1,
          "soul":""
        }]
    },
    "112454-0":{
      "refId":"dreamer_02",
      "location":{
        "posX":7582.283203125,
        "posZ":-895,
        "posY":6371.1884765625,
        "rotX":0.0092268008738756,
        "rotY":0,
        "rotZ":0.66451001167297
      },
      "stats":{
        "healthCurrent":40,
        "magickaCurrent":80,
        "healthModified":40,
        "fatigueBase":160,
        "fatigueModified":160,
        "healthBase":40,