{
  "packets":{
    "actorList":["0-1839","0-1840","0-1841","410860-0","371492-0","371493-0","371494-0","383959-0"],
    "ai":[],
    "cellChangeFrom":[],
    "cellChangeTo":[],
    "container":["469895-0","469909-0","410860-0","371492-0","371493-0","371494-0","383959-0"],
    "death":[],
    "delete":[],
    "doorState":[],
    "equipment":["383959-0","410860-0","0-1839","0-1840","0-1841"],
    "lock":[],
    "place":[],
    "position":["371492-0","371493-0","371494-0","383959-0","410860-0","0-1839","0-1840","0-1841"],
    "scale":[],
    "spawn":["0-1839","0-1840","0-1841"],
    "state":[],
    "statsDynamic":["371492-0","371493-0","371494-0","383959-0","410860-0","0-1839","0-1840","0-1841"],
    "trap":[]
  },
  "entry":{
    "creationTime":1547248319,
    "description":"Urshilaku, Astral Burial"
  },
  "lastVisit":{
    "urm":1547248319
  },
  "recordLinks":[],
  "objectData":{
    "371492-0":{
      "refId":"rat",
      "location":{
        "posX":4307.359375,
        "posZ":13629.978515625,
        "posY":2310.7885742188,
        "rotX":0,
        "rotY":0,
        "rotZ":4.2415928840637
      },
      "stats":{
        "healthCurrent":23,
        "magickaCurrent":10,
        "healthModified":23,
        "fatigueBase":300,
        "fatigueModified":300,
        "healthBase":23,
        "magickaModified":10,
        "magickaBase":10,
        "fatigueCurrent":300
      },
      "inventory":[{
          "refId":"ingred_rat_meat_01",
          "count":1,
          "charge":-1,
          "enchantmentCharge":-1,
          "soul":""
        }]
    },
    "0-1841":{
      "refId":"skeleton archer",
      "location":{
        "posX":3085.8012695313,
        "posZ":12995.200195313,
        "posY":3204.5949707031,
        "rotX":0,
        "rotY":0,
        "rotZ":0
      },
      "stats":{
        "healthCurrent":38,
        "magickaCurrent":30,
        "healthModified":38,
        "fatigueBase":1000,
        "fatigueModified":1000,
        "healthBase":38,
        "magickaModified":30,
        "magickaBase":30,
        "fatigueCurrent":1000
      },
      "equipment":[]
    },
    "410860-0":{
      "refId":"dead random female",
      "location":{
        "posX":4962.3149414063,
        "posZ":13637.048828125,
        "posY":2180.4599609375,
        "rotX":0,
        "rotY":0,
        "rotZ":4.2415919303894
      },
      "stats":{
        "healthCurrent":0,
        "magickaCurrent":92,
        "healthModified":0,
        "fatigueBase":226,
        "fatigueModified":226,
        "healthBase":0,
        "magickaModified":92,
        "magickaBase":92,
        "fatigueCurrent":226
      },
      "equipment":{
        "0":{
          "refId":"netch_leather_boiled_helm",
          "count":1,
          "charge":-1,
          "enchantmentCharge":-1
        },
        "1":{
          "refId":"netch_leather_cuirass",
          "count":1,
          "charge":-1,
          "enchantmentCharge":-1
        },
        "2":{
          "refId":"netch_leather_greaves",
          "count":1,
          "charge":-1,
          "enchantmentCharge":-1
        },
        "3":{
          "refId":"netch_leather_pauldron_left",
          "count":1,
          "charge":-1,
          "enchantmentCharge":-1
        },
        "5":{
          "refId":"fur_bracer_left",
          "count":1,
          "charge":-1,
          "enchantmentCharge":-1
        },
        "6":{
          "refId":"chitin guantlet - right",
          "count":1,
          "charge":-1,
          "enchantmentCharge":-1
        },
        "7":{
          "refId":"fur_boots",
          "count":1,
          "charge":-1,
          "enchantmentCharge":-1
        },
        "16":{
          "refId":"chitin war axe",
          "count":1,
          "charge":-1,
          "enchantmentCharge":-1
        },
        "17":{
          "refId":"netch_leather_shield",
          "count":1,
          "charge":-1,
          "enchantmentCharge":-1
        }
      },
      "inventory":[{
          "refId":"fur_boots",
          "count":1,
          "charge":-1,
          "enchantmentCharge":-1,
          "soul":""
        },{
          "refId":"fur_bracer_left",
          "count":1,
          "charge":-1,
          "enchantmentCharge":-1,
          "soul":""
        },{
          "refId":"netch_leather_cuirass",
          "count":1,
          "charge":-1,
          "enchantmentCharge":-1,
          "soul":""
        },{
          "refId":"chitin guantlet - right",
          "count":1,
          "charge":-1,
          "enchantmentCharge":-1,
          "soul":""
        },{
          "refId":"netch_leather_greaves",
          "count":1,
          "charge":-1,
          "enchantmentCharge":-1,
          "soul":""
        },{
          "refId":"netch_leather_boiled_helm",
          "count":1,
          "charge":-1,
          "enchantmentCharge":-1,
          "soul":""
        },{
          "refId":"netch_leather_pauldron_left",
          "count":1,
          "charge":-1,
          "enchantmentCharge":-1,
          "soul":""
        },{
          "refId":"netch_leather_shield",
          "count":1,
          "charge":-1,
          "enchantmentCharge":-1,
          "soul":""
        },{
          "refId":"pick_apprentice_01",
          "count":1,
          "charge":-1,
          "enchantmentCharge":-1,
          "soul":""
        },{
          "refId":"probe_apprentice_01",
          "count":1,
          "charge":-1,
          "enchantmentCharge":-1,
          "soul":""
        },{
          "refId":"chitin war axe",
          "count":1,
          "charge":-1,
          "enchantmentCharge":-1,
          "soul":""
        }]
    },
    "371493-0":{
      "refId":"rat",
      "location":{
        "posX":3103.7595214844,
        "posZ":13137.25,
        "posY":1526.5495605469,
        "rotX":0,
        "rotY":0,
        "rotZ":4.2415924072266
      },
      "stats":{
        "healthCurrent":23,
        "magickaCurrent":10,
        "healthModified":23,
        "fatigueBase":300,
        "fatigueModified":300,
        "healthBase":23,
        "magickaModified":10,
        "magickaBase":10,
        "fatigueCurrent":300
      },
      "inventory":[{
          "refId":"ingred_rat_meat_01",
          "count":1,
          "charge":-1,
          "enchantmentCharge":-1,
          "soul":""
        }]
    },
    "0-1840":{
      "refId":"skeleton",
      "location":{
        "posX":1184.0804443359,
        "posZ":13466.625,
        "posY":3392.0495605469,
        "rotX":0,
        "rotY":0,
        "rotZ":0
      },
      "stats":{
        "healthCurrent":38,
        "magickaCurrent":30,
        "healthModified":38,
        "fatigueBase":1000,
        "fatigueModified":1000,
        "healthBase":38,
        "magickaModified":30,
        "magickaBase":30,
        "fatigueCurrent":1000
      },
      "equipment":{
        "17":{
          "refId":"iron_shield",
          "count":1,
          "charge":-1,
          "enchantmentCharge":-1
        }
      }
    },
    "469895-0":{
      "refId":"mummy_01",
      "inventory":[{
          "refId":"ingred_bonemeal_01",
          "count":1,
          "charge":-1,
          "enchantmentCharge":-1,
          "soul":""
        },{
          "refId":"ingred_ash_salts_01",
          "count":1,
          "charge":-1,
          "enchantmentCharge":-1,
          "soul":""
        }]
    },
    "383959-0":{
      "refId":"skeleton hero dead",
      "location":{
        "posX":610.77587890625,
        "posZ":13462.561523438,
        "posY":3371.4770507813,
        "rotX":0,
        "rotY":0,
        "rotZ":1.6840728521347
      },
      "stats":{
        "healthCurrent":0,
        "magickaCurrent":30,
        "healthModified":0,
        "fatigueBase":400,
        "fatigueModified":400,
        "healthBase":0,
        "magickaModified":30,
        "magickaBase":30,
        "fatigueCurrent":400
      },
      "equipment":[],
      "inventory":[{
          "refId":"ingred_bonemeal_01",
          "count":1,