{
  "packets":{
    "actorList":["440495-0","440496-0","440497-0","440498-0","440499-0","440500-0","440501-0","440502-0","440503-0","440504-0"],
    "ai":[],
    "cellChangeFrom":[],
    "cellChangeTo":[],
    "container":["444040-0","444041-0","444042-0","444043-0","444044-0","444045-0","444046-0","444047-0","444048-0","444049-0","444050-0","444051-0","444052-0","444053-0","444055-0","444056-0","444057-0","444058-0","444059-0","440495-0","440496-0","440497-0","440498-0","440499-0","440500-0","440501-0","440502-0","440503-0","440504-0"],
    "death":[],
    "delete":[],
    "doorState":[],
    "equipment":[],
    "lock":[],
    "place":[],
    "position":["440495-0","440496-0","440497-0","440498-0","440499-0","440500-0","440501-0","440502-0","440503-0","440504-0"],
    "scale":[],
    "spawn":[],
    "state":["440495-0","440496-0","440497-0","440498-0","440499-0","440500-0","440501-0","440502-0","440503-0","440504-0"],
    "statsDynamic":["440495-0","440496-0","440497-0","440498-0","440499-0","440500-0","440501-0","440502-0","440503-0","440504-0"],
    "trap":[]
  },
  "entry":{
    "creationTime":1547248402,
    "description":"Vivec, Telvanni Underworks"
  },
  "lastVisit":{
    "urm":1547248402
  },
  "recordLinks":[],
  "objectData":{
    "440498-0":{
      "refId":"rat_telvanni_unique",
      "location":{
        "posX":5523.0991210938,
        "posZ":-20.759920120239,
        "posY":5286.78125,
        "rotX":0,
        "rotY":0,
        "rotZ":1.9000002145767
      },
      "stats":{
        "healthCurrent":23,
        "magickaCurrent":10,
        "healthModified":23,
        "fatigueBase":300,
        "fatigueModified":300,
        "healthBase":23,
        "magickaModified":10,
        "magickaBase":10,
        "fatigueCurrent":300
      },
      "inventory":[],
      "state":false
    },
    "440501-0":{
      "refId":"rat_telvanni_unique",
      "location":{
        "posX":2540.3588867188,
        "posZ":17.000068664551,
        "posY":1287.0051269531,
        "rotX":0,
        "rotY":0,
        "rotZ":5.4999985694885
      },
      "stats":{
        "healthCurrent":23,
        "magickaCurrent":10,
        "healthModified":23,
        "fatigueBase":300,
        "fatigueModified":300,
        "healthBase":23,
        "magickaModified":10,
        "magickaBase":10,
        "fatigueCurrent":300
      },
      "inventory":[],
      "state":false
    },
    "444041-0":{
      "refId":"barrel_01_random_pos",
      "inventory":[{
          "refId":"misc_com_redware_cup",
          "count":1,
          "charge":-1,
          "enchantmentCharge":-1,
          "soul":""
        },{
          "refId":"misc_com_redware_vase",
          "count":1,
          "charge":-1,
          "enchantmentCharge":-1,
          "soul":""
        },{
          "refId":"gold_001",
          "count":4,
          "charge":-1,
          "enchantmentCharge":-1,
          "soul":""
        },{
          "refId":"misc_com_bottle_10",
          "count":1,
          "charge":-1,
          "enchantmentCharge":-1,
          "soul":""
        },{
          "refId":"misc_com_pitcher_metal_01",
          "count":1,
          "charge":-1,
          "enchantmentCharge":-1,
          "soul":""
        },{
          "refId":"misc_com_metal_goblet_01",
          "count":1,
          "charge":-1,
          "enchantmentCharge":-1,
          "soul":""
        }]
    },
    "444047-0":{
      "refId":"com_sack_03_saltrice_10",
      "inventory":[{
          "refId":"ingred_saltrice_01",
          "count":10,
          "charge":-1,
          "enchantmentCharge":-1,
          "soul":""
        }]
    },
    "440495-0":{
      "refId":"rat_telvanni_unique",
      "location":{
        "posX":2448.3444824219,
        "posZ":17.000068664551,
        "posY":7351.9482421875,
        "rotX":0,
        "rotY":0,
        "rotZ":2.5168128013611
      },
      "stats":{
        "healthCurrent":23,
        "magickaCurrent":10,
        "healthModified":23,
        "fatigueBase":300,
        "fatigueModified":300,
        "healthBase":23,
        "magickaModified":10,
        "magickaBase":10,
        "fatigueCurrent":300
      },
      "inventory":[{
          "refId":"ingred_rat_meat_01",
          "count":1,
          "charge":-1,
          "enchantmentCharge":-1,
          "soul":""
        }],
      "state":false
    },
    "440496-0":{
      "refId":"rat_telvanni_unique",
      "location":{
        "posX":5845.2661132813,
        "posZ":17.000106811523,
        "posY":3087.2802734375,
        "rotX":0,
        "rotY":0,
        "rotZ":1.9000002145767
      },
      "stats":{
        "healthCurrent":23,
        "magickaCurrent":10,
        "healthModified":23,
        "fatigueBase":300,
        "fatigueModified":300,
        "healthBase":23,
        "magickaModified":10,
        "magickaBase":10,
        "fatigueCurrent":300
      },
      "inventory":[],
      "state":false
    },
    "440503-0":{
      "refId":"rat_telvanni_unique",
      "location":{
        "posX":1715.7669677734,
        "posZ":17.000099182129,
        "posY":1445.0014648438,
        "rotX":0,
        "rotY":0,
        "rotZ":6.0999979972839
      },
      "stats":{
        "healthCurrent":23,
        "magickaCurrent":10,
        "healthModified":23,
        "fatigueBase":300,
        "fatigueModified":300,
        "healthBase":23,
        "magickaModified":10,
        "magickaBase":10,
        "fatigueCurrent":300
      },
      "inventory":[{
          "refId":"ingred_rat_meat_01",
          "count":1,
          "charge":-1,
          "enchantmentCharge":-1,
          "soul":""
        }],
      "state":false
    },
    "444044-0":{
      "refId":"crate_02_random_pos",
      "inventory":[{
          "refId":"misc_com_metal_goblet_01",
          "count":1,
          "charge":-1,
          "enchantmentCharge":-1,
          "soul":""
        },{
          "refId":"misc_com_redware_cup",
          "count":1,
          "charge":-1,
          "enchantmentCharge":-1,
          "soul":""
        },{
          "refId":"misc_com_pitcher_metal_01",
          "count":1,
          "charge":-1,
          "enchantmentCharge":-1,
          "soul":""
        },{
          "refId":"misc_com_wood_cup_01",
          "count":1,
          "charge":-1,
          "enchantmentCharge":-1,
          "soul":""
        },{
          "refId":"misc_com_redware_vase",
          "count":2,
          "charge":-1,
          "enchantmentCharge":-1,
          "soul":""
        },{
          "refId":"gold_001",
          "count":9,
          "charge":-1,
          "enchantmentCharge":-1,
          "soul":""
        }]
    },
    "444059-0":{
      "refId":"com_basket_01_empty",
      "inventory":[]
    },
    "444052-0":{
      "refId":"barrel_01_empty",
      "inventory":[]
    },
    "444057-0":{
      "refId":"crate_02_moonsugar",
      "inventory":[{
          "refId":"ingred_moon_sugar_01",
          "count":6,
          "charge":-1,
          "enchantmentCharge":-1,
          "soul":""
        }]
    },
    "444051-0":{
      "refId":"barrel_01_drinks",
      "inventory":[{
          "refId":"potion_comberry_brandy_01",
          "count":1,
          "charge":-1,
          "enchantmentCharge":-1,
          "soul":""
        },{
          "refId":"potion_local_liquor_01",
          "count":1,
          "charge":-1,
          "enchantmentCharge":-1,
          "soul":""
        },{
          "refId":"potion_comberry_wine_01",
          "count":3,
          "charge":-1,
          "enchantmentCharge":-1,
          "soul":""
        }]
    },
    "444055-0":{
      "refId":"crate_02_imp_armormult",
      "inventory":[{
          "refId":"imperial left gauntlet",
          "count":2,
          "charge":-1,
          "enchantmentCharge":-1,
          "soul":""
        },{
          "refId":"imperial_studded_cuirass",
          "count":1,
          "charge":-1,
          "enchantmentCharge":-1,