{
  "packets":{
    "actorList":["287826-0","287827-0","287828-0","287829-0","409219-0"],
    "ai":[],
    "cellChangeFrom":[],
    "cellChangeTo":[],
    "container":["337143-0","337144-0","337145-0","337146-0","337147-0","337148-0","337158-0","337159-0","337160-0","337161-0","337162-0","423462-0","423463-0","423464-0","423469-0","423470-0","423471-0","423472-0","423473-0","423474-0","423479-0","423480-0","423481-0","423482-0","423483-0","423484-0","287826-0","287827-0","287828-0","287829-0","409219-0"],
    "death":[],
    "delete":[],
    "doorState":[],
    "equipment":["287826-0","287827-0","287828-0","287829-0","409219-0"],
    "lock":[],
    "place":[],
    "position":["287826-0","287827-0","287828-0","287829-0","409219-0"],
    "scale":[],
    "spawn":[],
    "state":[],
    "statsDynamic":["287826-0","287827-0","287828-0","287829-0","409219-0"],
    "trap":[]
  },
  "entry":{
    "creationTime":1547248373,
    "description":"Vivec, Redoran Waistworks"
  },
  "lastVisit":{
    "urm":1547248373
  },
  "recordLinks":[],
  "objectData":{
    "287827-0":{
      "refId":"ordinator wander",
      "location":{
        "posX":208.46717834473,
        "posZ":-104.42599487305,
        "posY":-319.66561889648,
        "rotX":0,
        "rotY":0,
        "rotZ":0
      },
      "stats":{
        "healthCurrent":181,
        "magickaCurrent":122,
        "healthModified":181,
        "fatigueBase":318,
        "fatigueModified":318,
        "healthBase":181,
        "magickaModified":122,
        "magickaBase":122,
        "fatigueCurrent":318
      },
      "equipment":{
        "0":{
          "refId":"indoril helmet",
          "count":1,
          "charge":-1,
          "enchantmentCharge":-1
        },
        "1":{
          "refId":"indoril cuirass",
          "count":1,
          "charge":-1,
          "enchantmentCharge":-1
        },
        "3":{
          "refId":"indoril pauldron left",
          "count":1,
          "charge":-1,
          "enchantmentCharge":-1
        },
        "4":{
          "refId":"indoril pauldron right",
          "count":1,
          "charge":-1,
          "enchantmentCharge":-1
        },
        "5":{
          "refId":"indoril left gauntlet",
          "count":1,
          "charge":-1,
          "enchantmentCharge":-1
        },
        "6":{
          "refId":"indoril right gauntlet",
          "count":1,
          "charge":-1,
          "enchantmentCharge":-1
        },
        "7":{
          "refId":"indoril boots",
          "count":1,
          "charge":-1,
          "enchantmentCharge":-1
        },
        "9":{
          "refId":"expensive_pants_02",
          "count":1,
          "charge":-1,
          "enchantmentCharge":-1
        },
        "15":{
          "refId":"indoril_belt",
          "count":1,
          "charge":-1,
          "enchantmentCharge":-1
        },
        "16":{
          "refId":"ebony mace",
          "count":1,
          "charge":-1,
          "enchantmentCharge":-1
        },
        "17":{
          "refId":"indoril shield",
          "count":1,
          "charge":-1,
          "enchantmentCharge":-1
        }
      },
      "inventory":[{
          "refId":"indoril shield",
          "count":1,
          "charge":-1,
          "enchantmentCharge":-1,
          "soul":""
        },{
          "refId":"indoril right gauntlet",
          "count":1,
          "charge":-1,
          "enchantmentCharge":-1,
          "soul":""
        },{
          "refId":"indoril left gauntlet",
          "count":1,
          "charge":-1,
          "enchantmentCharge":-1,
          "soul":""
        },{
          "refId":"indoril boots",
          "count":1,
          "charge":-1,
          "enchantmentCharge":-1,
          "soul":""
        },{
          "refId":"indoril pauldron right",
          "count":1,
          "charge":-1,
          "enchantmentCharge":-1,
          "soul":""
        },{
          "refId":"indoril pauldron left",
          "count":1,
          "charge":-1,
          "enchantmentCharge":-1,
          "soul":""
        },{
          "refId":"indoril cuirass",
          "count":1,
          "charge":-1,
          "enchantmentCharge":-1,
          "soul":""
        },{
          "refId":"indoril helmet",
          "count":1,
          "charge":-1,
          "enchantmentCharge":-1,
          "soul":""
        },{
          "refId":"indoril_belt",
          "count":1,
          "charge":-1,
          "enchantmentCharge":-1,
          "soul":""
        },{
          "refId":"expensive_pants_02",
          "count":1,
          "charge":-1,
          "enchantmentCharge":-1,
          "soul":""
        },{
          "refId":"torch_infinite_time",
          "count":1,
          "charge":-1,
          "enchantmentCharge":-1,
          "soul":""
        },{
          "refId":"ebony mace",
          "count":1,
          "charge":-1,
          "enchantmentCharge":-1,
          "soul":""
        }]
    },
    "423482-0":{
      "refId":"flora_rm_scathecraw_01",
      "inventory":[{
          "refId":"ingred_scathecraw_01",
          "count":1,
          "charge":-1,
          "enchantmentCharge":-1,
          "soul":""
        }]
    },
    "337159-0":{
      "refId":"tramaroot_03",
      "inventory":[]
    },
    "287829-0":{
      "refId":"nelmil hler",
      "location":{
        "posX":-444.0517578125,
        "posZ":129,
        "posY":-1032.3137207031,
        "rotX":0,
        "rotY":0,
        "rotZ":1.5707963705063
      },
      "stats":{
        "healthCurrent":51,
        "magickaCurrent":82,
        "healthModified":51,
        "fatigueBase":164,
        "fatigueModified":164,
        "healthBase":51,
        "magickaModified":82,
        "magickaBase":82,
        "fatigueCurrent":164
      },
      "equipment":[null,null,null,null,null,null,{
          "refId":"common_shoes_02",
          "count":1,
          "charge":-1,
          "enchantmentCharge":-1
        },{
          "refId":"common_shirt_02_r",
          "count":1,
          "charge":-1,
          "enchantmentCharge":-1
        },{
          "refId":"common_pants_02",
          "count":1,
          "charge":-1,
          "enchantmentCharge":-1
        }],
      "inventory":[{
          "refId":"common_shirt_02_r",
          "count":1,
          "charge":-1,
          "enchantmentCharge":-1,
          "soul":""
        },{
          "refId":"common_shoes_02",
          "count":1,
          "charge":-1,
          "enchantmentCharge":-1,
          "soul":""
        },{
          "refId":"common_pants_02",
          "count":1,
          "charge":-1,
          "enchantmentCharge":-1,
          "soul":""
        }]
    },
    "337143-0":{
      "refId":"tramaroot_01",
      "inventory":[{
          "refId":"ingred_trama_root_01",
          "count":3,
          "charge":-1,
          "enchantmentCharge":-1,
          "soul":""
        }]
    },
    "287828-0":{
      "refId":"ordinator wander",
      "location":{
        "posX":1771.7009277344,
        "posZ":129,
        "posY":-303.61294555664,
        "rotX":0,
        "rotY":0,
        "rotZ":0
      },
      "stats":{
        "healthCurrent":181,
        "magickaCurrent":122,
        "healthModified":181,
        "fatigueBase":318,
        "fatigueModified":318,
        "healthBase":181,
        "magickaModified":122,
        "magickaBase":122,
        "fatigueCurrent":318
      },
      "equipment":{
        "0":{
          "refId":"indoril helmet",
          "count":1,
          "charge":-1,
          "enchantmentCharge":-1
        },
        "1":{
          "refId":"indoril cuirass",
          "count":1,
          "charge":-1,
          "enchantmentCharge":-1
        },
        "3":{
          "refId":"indoril pauldron left",
          "count":1,
          "charge":-1,
          "enchantmentCharge":-1
        },
        "4":{
          "refId":"indoril pauldron right",
          "count":1,
          "charge":-1,
          "enchantmentCharge":-1
        },