{
  "packets":{
    "actorList":["260320-0","260321-0"],
    "ai":[],
    "cellChangeFrom":[],
    "cellChangeTo":[],
    "container":["260364-0","260369-0","260444-0","336630-0","336631-0","336632-0","336633-0","336634-0","336635-0","336636-0","336637-0","336638-0","336639-0","336640-0","336641-0","336642-0","336643-0","336644-0","336645-0","336646-0","336647-0","336648-0","336649-0","336650-0","336651-0","336652-0","336653-0","336654-0","336655-0","336656-0","336657-0","336662-0","336663-0","336664-0","336665-0","336666-0","336667-0","336668-0","336671-0","336672-0","260363-0","260320-0","260321-0"],
    "death":[],
    "delete":[],
    "doorState":[],
    "equipment":["260320-0","260321-0"],
    "lock":[],
    "place":[],
    "position":["260320-0","260321-0"],
    "scale":[],
    "spawn":[],
    "state":[],
    "statsDynamic":["260320-0","260321-0"],
    "trap":[]
  },
  "entry":{
    "creationTime":1547248360,
    "description":"Vivec, Mevel Fererus: Trader"
  },
  "lastVisit":{
    "urm":1547248360
  },
  "recordLinks":[],
  "objectData":{
    "260444-0":{
      "refId":"de_r_chest_01_gold1",
      "inventory":[{
          "refId":"gold_001",
          "count":57,
          "charge":-1,
          "enchantmentCharge":-1,
          "soul":""
        }]
    },
    "260363-0":{
      "refId":"de_r_chest_01_mcloth2",
      "inventory":[{
          "refId":"expensive_ring_02",
          "count":1,
          "charge":-1,
          "enchantmentCharge":-1,
          "soul":""
        },{
          "refId":"expensive_pants_02",
          "count":1,
          "charge":-1,
          "enchantmentCharge":-1,
          "soul":""
        }]
    },
    "260320-0":{
      "refId":"ordinator stationary",
      "location":{
        "posX":4679.3247070313,
        "posZ":13057,
        "posY":4864.5737304688,
        "rotX":0,
        "rotY":0,
        "rotZ":3.3415930271149
      },
      "stats":{
        "healthCurrent":181,
        "magickaCurrent":122,
        "healthModified":181,
        "fatigueBase":318,
        "fatigueModified":318,
        "healthBase":181,
        "magickaModified":122,
        "magickaBase":122,
        "fatigueCurrent":318
      },
      "equipment":{
        "0":{
          "refId":"indoril helmet",
          "count":1,
          "charge":-1,
          "enchantmentCharge":-1
        },
        "1":{
          "refId":"indoril cuirass",
          "count":1,
          "charge":-1,
          "enchantmentCharge":-1
        },
        "3":{
          "refId":"indoril pauldron left",
          "count":1,
          "charge":-1,
          "enchantmentCharge":-1
        },
        "4":{
          "refId":"indoril pauldron right",
          "count":1,
          "charge":-1,
          "enchantmentCharge":-1
        },
        "5":{
          "refId":"indoril left gauntlet",
          "count":1,
          "charge":-1,
          "enchantmentCharge":-1
        },
        "6":{
          "refId":"indoril right gauntlet",
          "count":1,
          "charge":-1,
          "enchantmentCharge":-1
        },
        "7":{
          "refId":"indoril boots",
          "count":1,
          "charge":-1,
          "enchantmentCharge":-1
        },
        "9":{
          "refId":"expensive_pants_02",
          "count":1,
          "charge":-1,
          "enchantmentCharge":-1
        },
        "15":{
          "refId":"indoril_belt",
          "count":1,
          "charge":-1,
          "enchantmentCharge":-1
        },
        "16":{
          "refId":"ebony mace",
          "count":1,
          "charge":-1,
          "enchantmentCharge":-1
        },
        "17":{
          "refId":"indoril shield",
          "count":1,
          "charge":-1,
          "enchantmentCharge":-1
        }
      },
      "inventory":[{
          "refId":"indoril shield",
          "count":1,
          "charge":-1,
          "enchantmentCharge":-1,
          "soul":""
        },{
          "refId":"indoril right gauntlet",
          "count":1,
          "charge":-1,
          "enchantmentCharge":-1,
          "soul":""
        },{
          "refId":"indoril left gauntlet",
          "count":1,
          "charge":-1,
          "enchantmentCharge":-1,
          "soul":""
        },{
          "refId":"indoril boots",
          "count":1,
          "charge":-1,
          "enchantmentCharge":-1,
          "soul":""
        },{
          "refId":"indoril pauldron right",
          "count":1,
          "charge":-1,
          "enchantmentCharge":-1,
          "soul":""
        },{
          "refId":"indoril pauldron left",
          "count":1,
          "charge":-1,
          "enchantmentCharge":-1,
          "soul":""
        },{
          "refId":"indoril cuirass",
          "count":1,
          "charge":-1,
          "enchantmentCharge":-1,
          "soul":""
        },{
          "refId":"indoril helmet",
          "count":1,
          "charge":-1,
          "enchantmentCharge":-1,
          "soul":""
        },{
          "refId":"indoril_belt",
          "count":1,
          "charge":-1,
          "enchantmentCharge":-1,
          "soul":""
        },{
          "refId":"expensive_pants_02",
          "count":1,
          "charge":-1,
          "enchantmentCharge":-1,
          "soul":""
        },{
          "refId":"ebony mace",
          "count":1,
          "charge":-1,
          "enchantmentCharge":-1,
          "soul":""
        }]
    },
    "336663-0":{
      "refId":"com_basket_01_pos",
      "inventory":[{
          "refId":"misc_com_wood_cup_01",
          "count":1,
          "charge":-1,
          "enchantmentCharge":-1,
          "soul":""
        }]
    },
    "336631-0":{
      "refId":"urn_03_food",
      "inventory":[{
          "refId":"ingred_saltrice_01",
          "count":2,
          "charge":-1,
          "enchantmentCharge":-1,
          "soul":""
        }]
    },
    "336642-0":{
      "refId":"crate_01_armorbonemold_",
      "inventory":[{
          "refId":"bonemold_bracer_right",
          "count":1,
          "charge":-1,
          "enchantmentCharge":-1,
          "soul":""
        },{
          "refId":"bonemold_bracer_left",
          "count":1,
          "charge":-1,
          "enchantmentCharge":-1,
          "soul":""
        },{
          "refId":"bonemold_shield",
          "count":1,
          "charge":-1,
          "enchantmentCharge":-1,
          "soul":""
        },{
          "refId":"bonemold_towershield",
          "count":1,
          "charge":-1,
          "enchantmentCharge":-1,
          "soul":""
        },{
          "refId":"bonemold_boots",
          "count":1,
          "charge":-1,
          "enchantmentCharge":-1,
          "soul":""
        },{
          "refId":"bonemold_greaves",
          "count":1,
          "charge":-1,
          "enchantmentCharge":-1,
          "soul":""
        },{
          "refId":"bonemold_pauldron_r",
          "count":1,
          "charge":-1,
          "enchantmentCharge":-1,
          "soul":""
        },{
          "refId":"bonemold_pauldron_l",
          "count":1,
          "charge":-1,
          "enchantmentCharge":-1,
          "soul":""
        },{
          "refId":"bonemold_cuirass",
          "count":1,
          "charge":-1,
          "enchantmentCharge":-1,
          "soul":""
        }]
    },
    "336654-0":{
      "refId":"com_basket_01_pos",
      "inventory":[{
          "refId":"misc_com_bottle_15",
          "count":1,
          "charge":-1,
          "enchantmentCharge":-1,
          "soul":""
        }]
    },
    "336635-0":{
      "refId":"com_sack_02_pos",
      "inventory":[]
    },
    "336652-0":{
      "refId":"com_sack_02_pos",
      "inventory":[]
    },
    "336666-0":{
      "refId":"com_basket_01_pos",
      "inventory":[{
          "refId":"misc_com_bottle_15",
          "count":1,
          "charge":-1,
          "enchantmentCharge":-1,
          "soul":""
        }]
    },
    "336647-0":{
      "refId":"com_sack_01_chpfood5",