{
  "packets":{
    "actorList":["297848-0","406574-0","406575-0","406576-0","406577-0"],
    "ai":[],
    "cellChangeFrom":[],
    "cellChangeTo":[],
    "container":["297848-0","406574-0","406575-0","406576-0","406577-0"],
    "death":[],
    "delete":[],
    "doorState":[],
    "equipment":["297848-0","406574-0"],
    "lock":[],
    "place":[],
    "position":["297848-0","406574-0","406575-0","406576-0","406577-0"],
    "scale":[],
    "spawn":[],
    "state":[],
    "statsDynamic":["297848-0","406574-0","406575-0","406576-0","406577-0"],
    "trap":[]
  },
  "entry":{
    "creationTime":1547248337,
    "description":"Vivec, Arena Underworks"
  },
  "lastVisit":{
    "urm":1547248337
  },
  "recordLinks":[],
  "objectData":{
    "406577-0":{
      "refId":"slaughterfish",
      "location":{
        "posX":1895.8814697266,
        "posZ":-287.01336669922,
        "posY":5985.71875,
        "rotX":0,
        "rotY":0,
        "rotZ":3.6831865310669
      },
      "stats":{
        "healthCurrent":23,
        "magickaCurrent":10,
        "healthModified":23,
        "fatigueBase":400,
        "fatigueModified":400,
        "healthBase":23,
        "magickaModified":10,
        "magickaBase":10,
        "fatigueCurrent":399.84127807617
      },
      "inventory":[]
    },
    "406576-0":{
      "refId":"slaughterfish",
      "location":{
        "posX":5009.1079101563,
        "posZ":-287.01336669922,
        "posY":4053.05078125,
        "rotX":0,
        "rotY":0,
        "rotZ":1.7831871509552
      },
      "stats":{
        "healthCurrent":23,
        "magickaCurrent":10,
        "healthModified":23,
        "fatigueBase":400,
        "fatigueModified":400,
        "healthBase":23,
        "magickaModified":10,
        "magickaBase":10,
        "fatigueCurrent":399.84127807617
      },
      "inventory":[{
          "refId":"ingred_scales_01",
          "count":2,
          "charge":-1,
          "enchantmentCharge":-1,
          "soul":""
        }]
    },
    "297848-0":{
      "refId":"dreamer_talker",
      "location":{
        "posX":6350.9443359375,
        "posZ":33.000152587891,
        "posY":7279.62890625,
        "rotX":0.010619450360537,
        "rotY":0,
        "rotZ":2.9880149364471
      },
      "stats":{
        "healthCurrent":40,
        "magickaCurrent":80,
        "healthModified":40,
        "fatigueBase":160,
        "fatigueModified":160,
        "healthBase":40,
        "magickaModified":80,
        "magickaBase":80,
        "fatigueCurrent":160
      },
      "equipment":{
        "16":{
          "refId":"chitin club",
          "count":1,
          "charge":-1,
          "enchantmentCharge":-1
        },
        "9":{
          "refId":"common_pants_03",
          "count":1,
          "charge":-1,
          "enchantmentCharge":-1
        }
      },
      "inventory":[{
          "refId":"common_pants_03",
          "count":1,
          "charge":-1,
          "enchantmentCharge":-1,
          "soul":""
        },{
          "refId":"ingred_6th_corprusmeat_01",
          "count":1,
          "charge":-1,
          "enchantmentCharge":-1,
          "soul":""
        },{
          "refId":"chitin club",
          "count":1,
          "charge":-1,
          "enchantmentCharge":-1,
          "soul":""
        }]
    },
    "406575-0":{
      "refId":"slaughterfish",
      "location":{
        "posX":6006.451171875,
        "posZ":-287.01342773438,
        "posY":5256.2099609375,
        "rotX":0,
        "rotY":0,
        "rotZ":3.6831865310669
      },
      "stats":{
        "healthCurrent":23,
        "magickaCurrent":10,
        "healthModified":23,
        "fatigueBase":400,
        "fatigueModified":400,
        "healthBase":23,
        "magickaModified":10,
        "magickaBase":10,
        "fatigueCurrent":399.84127807617
      },
      "inventory":[{
          "refId":"ingred_scales_01",
          "count":2,
          "charge":-1,
          "enchantmentCharge":-1,
          "soul":""
        }]
    },
    "406574-0":{
      "refId":"dead imp male_02",
      "location":{
        "posX":4365.3920898438,
        "posZ":-254.99980163574,
        "posY":4111.6059570313,
        "rotX":0,
        "rotY":0,
        "rotZ":1.5000002384186
      },
      "stats":{
        "healthCurrent":0,
        "magickaCurrent":144,
        "healthModified":0,
        "fatigueBase":192,
        "fatigueModified":192,
        "healthBase":0,
        "magickaModified":144,
        "magickaBase":144,
        "fatigueCurrent":192
      },
      "equipment":{
        "0":{
          "refId":"chitin helm",
          "count":1,
          "charge":-1,
          "enchantmentCharge":-1
        },
        "7":{
          "refId":"netch_leather_boots",
          "count":1,
          "charge":-1,
          "enchantmentCharge":-1
        },
        "9":{
          "refId":"common_pants_02",
          "count":1,
          "charge":-1,
          "enchantmentCharge":-1
        },
        "15":{
          "refId":"common_belt_02",
          "count":1,
          "charge":-1,
          "enchantmentCharge":-1
        },
        "16":{
          "refId":"iron broadsword",
          "count":1,
          "charge":-1,
          "enchantmentCharge":-1
        },
        "17":{
          "refId":"chitin_shield",
          "count":1,
          "charge":-1,
          "enchantmentCharge":-1
        }
      },
      "inventory":[{
          "refId":"chitin helm",
          "count":1,
          "charge":-1,
          "enchantmentCharge":-1,
          "soul":""
        },{
          "refId":"netch_leather_boots",
          "count":1,
          "charge":-1,
          "enchantmentCharge":-1,
          "soul":""
        },{
          "refId":"chitin_shield",
          "count":1,
          "charge":-1,
          "enchantmentCharge":-1,
          "soul":""
        },{
          "refId":"common_belt_02",
          "count":1,
          "charge":-1,
          "enchantmentCharge":-1,
          "soul":""
        },{
          "refId":"common_shoes_01",
          "count":1,
          "charge":-1,
          "enchantmentCharge":-1,
          "soul":""
        },{
          "refId":"common_pants_02",
          "count":1,
          "charge":-1,
          "enchantmentCharge":-1,
          "soul":""
        },{
          "refId":"ingred_saltrice_01",
          "count":1,
          "charge":-1,
          "enchantmentCharge":-1,
          "soul":""
        },{
          "refId":"misc_soulgem_petty",
          "count":1,
          "charge":-1,
          "enchantmentCharge":-1,
          "soul":""
        },{
          "refId":"chitin shortsword",
          "count":1,
          "charge":-1,
          "enchantmentCharge":-1,
          "soul":""
        },{
          "refId":"iron broadsword",
          "count":1,
          "charge":-1,
          "enchantmentCharge":-1,
          "soul":""
        }]
    }
  }
}