{
  "packets":{
    "actorList":["203759-0","203760-0","203761-0","203762-0","203758-0"],
    "ai":[],
    "cellChangeFrom":[],
    "cellChangeTo":[],
    "container":["203820-0","203951-0","203952-0","203953-0","203954-0","203970-0","203971-0","203972-0","203973-0","203974-0","203975-0","203976-0","203977-0","203978-0","203979-0","203980-0","203985-0","203986-0","203996-0","242015-0","242022-0","338511-0","338512-0","338513-0","338514-0","203819-0","203759-0","203760-0","203761-0","203762-0","203758-0"],
    "death":[],
    "delete":[],
    "doorState":[],
    "equipment":["203758-0","203759-0","203760-0","203761-0","203762-0"],
    "lock":[],
    "place":[],
    "position":["203758-0","203759-0","203760-0","203761-0","203762-0"],
    "scale":[],
    "spawn":[],
    "state":[],
    "statsDynamic":["203758-0","203759-0","203760-0","203761-0","203762-0"],
    "trap":[]
  },
  "entry":{
    "creationTime":1547248406,
    "description":"Vivec, The Lizard's Head"
  },
  "lastVisit":{
    "urm":1547248406
  },
  "recordLinks":[],
  "objectData":{
    "203970-0":{
      "refId":"com_basket_01_food",
      "inventory":[{
          "refId":"ingred_hound_meat_01",
          "count":1,
          "charge":-1,
          "enchantmentCharge":-1,
          "soul":""
        }]
    },
    "203971-0":{
      "refId":"com_basket_01_food",
      "inventory":[{
          "refId":"ingred_ash_yam_01",
          "count":1,
          "charge":-1,
          "enchantmentCharge":-1,
          "soul":""
        }]
    },
    "203758-0":{
      "refId":"manara othan",
      "location":{
        "posX":416.04696655273,
        "posZ":-126.99998474121,
        "posY":176.21075439453,
        "rotX":0,
        "rotY":0,
        "rotZ":3.6831860542297
      },
      "stats":{
        "healthCurrent":77,
        "magickaCurrent":126,
        "healthModified":77,
        "fatigueBase":188,
        "fatigueModified":188,
        "healthBase":77,
        "magickaModified":126,
        "magickaBase":126,
        "fatigueCurrent":188
      },
      "equipment":[null,null,null,null,null,null,{
          "refId":"expensive_shoes_03",
          "count":1,
          "charge":-1,
          "enchantmentCharge":-1
        },{
          "refId":"extravagant_shirt_01_t",
          "count":1,
          "charge":-1,
          "enchantmentCharge":-1
        },null,{
          "refId":"expensive_skirt_03",
          "count":1,
          "charge":-1,
          "enchantmentCharge":-1
        }],
      "inventory":[{
          "refId":"potion_comberry_wine_01",
          "count":9,
          "charge":-1,
          "enchantmentCharge":-1,
          "soul":""
        },{
          "refId":"potion_local_liquor_01",
          "count":7,
          "charge":-1,
          "enchantmentCharge":-1,
          "soul":""
        },{
          "refId":"potion_local_brew_01",
          "count":6,
          "charge":-1,
          "enchantmentCharge":-1,
          "soul":""
        },{
          "refId":"potion_comberry_brandy_01",
          "count":6,
          "charge":-1,
          "enchantmentCharge":-1,
          "soul":""
        },{
          "refId":"potion_cyro_brandy_01",
          "count":4,
          "charge":-1,
          "enchantmentCharge":-1,
          "soul":""
        },{
          "refId":"potion_cyro_whiskey_01",
          "count":4,
          "charge":-1,
          "enchantmentCharge":-1,
          "soul":""
        },{
          "refId":"expensive_skirt_03",
          "count":1,
          "charge":-1,
          "enchantmentCharge":-1,
          "soul":""
        },{
          "refId":"extravagant_shirt_01_t",
          "count":1,
          "charge":-1,
          "enchantmentCharge":-1,
          "soul":""
        },{
          "refId":"expensive_shoes_03",
          "count":1,
          "charge":-1,
          "enchantmentCharge":-1,
          "soul":""
        },{
          "refId":"food_kwama_egg_02",
          "count":10,
          "charge":-1,
          "enchantmentCharge":-1,
          "soul":""
        }]
    },
    "203972-0":{
      "refId":"com_basket_01_food",
      "inventory":[{
          "refId":"food_kwama_egg_01",
          "count":1,
          "charge":-1,
          "enchantmentCharge":-1,
          "soul":""
        }]
    },
    "203973-0":{
      "refId":"crate_01_food",
      "inventory":[{
          "refId":"ingred_hound_meat_01",
          "count":4,
          "charge":-1,
          "enchantmentCharge":-1,
          "soul":""
        }]
    },
    "338513-0":{
      "refId":"com_sack_02_pos",
      "inventory":[]
    },
    "203820-0":{
      "refId":"com_cupboard_01_glasses",
      "inventory":[{
          "refId":"misc_de_glass_green_01",
          "count":4,
          "charge":-1,
          "enchantmentCharge":-1,
          "soul":""
        }]
    },
    "203975-0":{
      "refId":"crate_01_food",
      "inventory":[{
          "refId":"food_kwama_egg_02",
          "count":4,
          "charge":-1,
          "enchantmentCharge":-1,
          "soul":""
        }]
    },
    "203762-0":{
      "refId":"teegla",
      "location":{
        "posX":235.54814147949,
        "posZ":-127,
        "posY":-6.4335885047913,
        "rotX":0,
        "rotY":0,
        "rotZ":3.6831851005554
      },
      "stats":{
        "healthCurrent":46,
        "magickaCurrent":82,
        "healthModified":46,
        "fatigueBase":166,
        "fatigueModified":166,
        "healthBase":46,
        "magickaModified":82,
        "magickaBase":82,
        "fatigueCurrent":166
      },
      "equipment":[null,null,null,null,null,null,null,{
          "refId":"common_shirt_01",
          "count":1,
          "charge":-1,
          "enchantmentCharge":-1
        },{
          "refId":"common_pants_01",
          "count":1,
          "charge":-1,
          "enchantmentCharge":-1
        }],
      "inventory":[{
          "refId":"common_shirt_01",
          "count":1,
          "charge":-1,
          "enchantmentCharge":-1,
          "soul":""
        },{
          "refId":"common_pants_01",
          "count":1,
          "charge":-1,
          "enchantmentCharge":-1,
          "soul":""
        }]
    },
    "203976-0":{
      "refId":"crate_02_random_pos",
      "inventory":[{
          "refId":"p_restore_strength_e",
          "count":1,
          "charge":-1,
          "enchantmentCharge":-1,
          "soul":""
        },{
          "refId":"misc_com_metal_goblet_01",
          "count":2,
          "charge":-1,
          "enchantmentCharge":-1,
          "soul":""
        },{
          "refId":"misc_com_redware_cup",
          "count":1,
          "charge":-1,
          "enchantmentCharge":-1,
          "soul":""
        },{
          "refId":"misc_com_bottle_15",
          "count":1,
          "charge":-1,
          "enchantmentCharge":-1,
          "soul":""
        },{
          "refId":"misc_com_wood_cup_01",
          "count":1,
          "charge":-1,
          "enchantmentCharge":-1,
          "soul":""
        },{
          "refId":"misc_com_wood_spoon_02",
          "count":1,
          "charge":-1,
          "enchantmentCharge":-1,
          "soul":""
        },{
          "refId":"gold_001",
          "count":6,
          "charge":-1,
          "enchantmentCharge":-1,
          "soul":""
        }]
    },
    "203977-0":{
      "refId":"crate_02_empty",
      "inventory":[]
    },
    "203759-0":{
      "refId":"arvyn llerayn",
      "location":{
        "posX":-145.2373046875,
        "posZ":-383,
        "posY":-9.9231300354004,
        "rotX":0,
        "rotY":0,
        "rotZ":2.8831849098206
      },
      "stats":{
        "healthCurrent":82,
        "magickaCurrent":128,
        "healthModified":82,
        "fatigueBase":211,
        "fatigueModified":211,
        "healthBase":82,
        "magickaModified":128,
        "magickaBase":128,
        "fatigueCurrent":211
      },
      "equipment":{
        "7":{
          "refId":"expensive_shoes_02",
          "count":1,