{
  "packets":{
    "actorList":["0-1950","88850-0","88971-0","277297-0","471433-0","471434-0"],
    "ai":[],
    "cellChangeFrom":[],
    "cellChangeTo":[],
    "container":["88850-0","88971-0","277297-0","471433-0","471434-0"],
    "death":[],
    "delete":[],
    "doorState":[],
    "equipment":["277297-0","88850-0","88971-0"],
    "lock":[],
    "place":[],
    "position":["277297-0","471433-0","471434-0","88850-0","88971-0","0-1950"],
    "scale":[],
    "spawn":["0-1950"],
    "state":[],
    "statsDynamic":["277297-0","471433-0","471434-0","88850-0","88971-0","0-1950"],
    "trap":[]
  },
  "entry":{
    "creationTime":1547248414,
    "description":"Yakin"
  },
  "lastVisit":{
    "urm":1547248415
  },
  "recordLinks":[],
  "objectData":{
    "471434-0":{
      "refId":"ash_ghoul",
      "location":{
        "posX":10.754516601563,
        "posZ":-1068.7502441406,
        "posY":-997.59838867188,
        "rotX":0,
        "rotY":0,
        "rotZ":3.8231842517853
      },
      "stats":{
        "healthCurrent":220,
        "magickaCurrent":142,
        "healthModified":220,
        "fatigueBase":375,
        "fatigueModified":375,
        "healthBase":220,
        "magickaModified":142,
        "magickaBase":142,
        "fatigueCurrent":375
      },
      "inventory":[{
          "refId":"ingred_ash_salts_01",
          "count":2,
          "charge":-1,
          "enchantmentCharge":-1,
          "soul":""
        }]
    },
    "471433-0":{
      "refId":"ash_ghoul",
      "location":{
        "posX":1557.7131347656,
        "posZ":-1381.7169189453,
        "posY":-1794.0745849609,
        "rotX":0,
        "rotY":0,
        "rotZ":4.5963702201843
      },
      "stats":{
        "healthCurrent":220,
        "magickaCurrent":140,
        "healthModified":220,
        "fatigueBase":368,
        "fatigueModified":368,
        "healthBase":220,
        "magickaModified":140,
        "magickaBase":140,
        "fatigueCurrent":368
      },
      "inventory":[{
          "refId":"ingred_ash_salts_01",
          "count":2,
          "charge":-1,
          "enchantmentCharge":-1,
          "soul":""
        }]
    },
    "0-1950":{
      "refId":"corprus_stalker",
      "location":{
        "posX":-723.36224365234,
        "posZ":-954.52581787109,
        "posY":-2524.333984375,
        "rotX":0,
        "rotY":0,
        "rotZ":0
      },
      "stats":{
        "healthCurrent":60,
        "magickaCurrent":50,
        "healthModified":60,
        "fatigueBase":300,
        "fatigueModified":300,
        "healthBase":60,
        "magickaModified":50,
        "magickaBase":50,
        "fatigueCurrent":300
      }
    },
    "277297-0":{
      "refId":"dreamer_04",
      "location":{
        "posX":-3079.3044433594,
        "posZ":-1307.9064941406,
        "posY":-1104.4595947266,
        "rotX":0,
        "rotY":0,
        "rotZ":1.6000002622604
      },
      "stats":{
        "healthCurrent":45,
        "magickaCurrent":20,
        "healthModified":45,
        "fatigueBase":178,
        "fatigueModified":178,
        "healthBase":45,
        "magickaModified":20,
        "magickaBase":20,
        "fatigueCurrent":178
      },
      "equipment":{
        "16":{
          "refId":"iron club",
          "count":1,
          "charge":-1,
          "enchantmentCharge":-1
        }
      },
      "inventory":[{
          "refId":"ingred_6th_corprusmeat_01",
          "count":1,
          "charge":-1,
          "enchantmentCharge":-1,
          "soul":""
        },{
          "refId":"iron club",
          "count":1,
          "charge":-1,
          "enchantmentCharge":-1,
          "soul":""
        }]
    },
    "88850-0":{
      "refId":"dreamer",
      "location":{
        "posX":-2777.857421875,
        "posZ":-1326.5594482422,
        "posY":-972.02294921875,
        "rotX":0,
        "rotY":0,
        "rotZ":3.1415927410126
      },
      "stats":{
        "healthCurrent":40,
        "magickaCurrent":80,
        "healthModified":40,
        "fatigueBase":140,
        "fatigueModified":140,
        "healthBase":40,
        "magickaModified":80,
        "magickaBase":80,
        "fatigueCurrent":140
      },
      "equipment":{
        "16":{
          "refId":"iron club",
          "count":1,
          "charge":-1,
          "enchantmentCharge":-1
        }
      },
      "inventory":[{
          "refId":"ingred_6th_corprusmeat_01",
          "count":1,
          "charge":-1,
          "enchantmentCharge":-1,
          "soul":""
        },{
          "refId":"iron club",
          "count":1,
          "charge":-1,
          "enchantmentCharge":-1,
          "soul":""
        }]
    },
    "88971-0":{
      "refId":"dreamer_f_01",
      "location":{
        "posX":-1393.6729736328,
        "posZ":-1116.0302734375,
        "posY":-938.51635742188,
        "rotX":0,
        "rotY":0,
        "rotZ":0
      },
      "stats":{
        "healthCurrent":35,
        "magickaCurrent":80,
        "healthModified":35,
        "fatigueBase":150,
        "fatigueModified":150,
        "healthBase":35,
        "magickaModified":80,
        "magickaBase":80,
        "fatigueCurrent":150
      },
      "equipment":{
        "16":{
          "refId":"iron club",
          "count":1,
          "charge":-1,
          "enchantmentCharge":-1
        }
      },
      "inventory":[{
          "refId":"ingred_6th_corprusmeat_04",
          "count":1,
          "charge":-1,
          "enchantmentCharge":-1,
          "soul":""
        },{
          "refId":"iron club",
          "count":1,
          "charge":-1,
          "enchantmentCharge":-1,
          "soul":""
        }]
    }
  }
}