{
  "packets":{
    "actorList":["0-1951","277696-0","277699-0","277700-0","277697-0","277698-0"],
    "ai":[],
    "cellChangeFrom":[],
    "cellChangeTo":[],
    "container":["425161-0","425162-0","425163-0","277696-0","277699-0","277700-0","277697-0","277698-0"],
    "death":[],
    "delete":[],
    "doorState":[],
    "equipment":["277696-0","277699-0","277700-0"],
    "lock":[],
    "place":[],
    "position":["277696-0","277697-0","277698-0","277699-0","277700-0"],
    "scale":[],
    "spawn":["0-1951"],
    "state":[],
    "statsDynamic":["277696-0","277697-0","277698-0","277699-0","277700-0"],
    "trap":[]
  },
  "entry":{
    "creationTime":1547248415,
    "description":"Yakin, Shrine"
  },
  "lastVisit":{
    "urm":1547248416
  },
  "recordLinks":[],
  "objectData":{
    "277697-0":{
      "refId":"ash_slave",
      "location":{
        "posX":5384.8154296875,
        "posZ":13627.979492188,
        "posY":2263.3706054688,
        "rotX":0,
        "rotY":0,
        "rotZ":0
      },
      "stats":{
        "healthCurrent":60,
        "magickaCurrent":124,
        "healthModified":60,
        "fatigueBase":357,
        "fatigueModified":357,
        "healthBase":60,
        "magickaModified":124,
        "magickaBase":124,
        "fatigueCurrent":357
      },
      "inventory":[]
    },
    "277698-0":{
      "refId":"ash_ghoul_fgr",
      "location":{
        "posX":3676.4675292969,
        "posZ":13429.072265625,
        "posY":4006.3125,
        "rotX":0,
        "rotY":0,
        "rotZ":4.5431852340698
      },
      "stats":{
        "healthCurrent":220,
        "magickaCurrent":280,
        "healthModified":220,
        "fatigueBase":750,
        "fatigueModified":750,
        "healthBase":220,
        "magickaModified":280,
        "magickaBase":280,
        "fatigueCurrent":750
      },
      "inventory":[{
          "refId":"ingred_ash_salts_01",
          "count":2,
          "charge":-1,
          "enchantmentCharge":-1,
          "soul":""
        }]
    },
    "0-1951":{
      "refId":"corprus_stalker",
      "location":{
        "posX":5260.0766601563,
        "posZ":13680.405273438,
        "posY":1923.451171875,
        "rotX":0,
        "rotY":0,
        "rotZ":4.7123894691467
      }
    },
    "277699-0":{
      "refId":"dreamer_04",
      "location":{
        "posX":4945.7861328125,
        "posZ":13821.377929688,
        "posY":4569.5942382813,
        "rotX":0,
        "rotY":0,
        "rotZ":2.4999997615814
      },
      "stats":{
        "healthCurrent":45,
        "magickaCurrent":20,
        "healthModified":45,
        "fatigueBase":178,
        "fatigueModified":178,
        "healthBase":45,
        "magickaModified":20,
        "magickaBase":20,
        "fatigueCurrent":178
      },
      "equipment":{
        "16":{
          "refId":"iron club",
          "count":1,
          "charge":-1,
          "enchantmentCharge":-1
        }
      },
      "inventory":[{
          "refId":"ingred_6th_corprusmeat_01",
          "count":1,
          "charge":-1,
          "enchantmentCharge":-1,
          "soul":""
        },{
          "refId":"iron club",
          "count":1,
          "charge":-1,
          "enchantmentCharge":-1,
          "soul":""
        }]
    },
    "277696-0":{
      "refId":"dreamer_02",
      "location":{
        "posX":2995.2275390625,
        "posZ":13472.603515625,
        "posY":3930.7375488281,
        "rotX":0,
        "rotY":0,
        "rotZ":4.5831851959229
      },
      "stats":{
        "healthCurrent":40,
        "magickaCurrent":80,
        "healthModified":40,
        "fatigueBase":160,
        "fatigueModified":160,
        "healthBase":40,
        "magickaModified":80,
        "magickaBase":80,
        "fatigueCurrent":160
      },
      "equipment":{
        "16":{
          "refId":"iron club",
          "count":1,
          "charge":-1,
          "enchantmentCharge":-1
        }
      },
      "inventory":[{
          "refId":"iron club",
          "count":1,
          "charge":-1,
          "enchantmentCharge":-1,
          "soul":""
        }]
    },
    "277700-0":{
      "refId":"dreamer_05",
      "location":{
        "posX":4557.912109375,
        "posZ":13963.647460938,
        "posY":4447.3315429688,
        "rotX":0,
        "rotY":0,
        "rotZ":1.0000001192093
      },
      "stats":{
        "healthCurrent":45,
        "magickaCurrent":20,
        "healthModified":45,
        "fatigueBase":178,
        "fatigueModified":178,
        "healthBase":45,
        "magickaModified":20,
        "magickaBase":20,
        "fatigueCurrent":178
      },
      "equipment":{
        "16":{
          "refId":"iron club",
          "count":1,
          "charge":-1,
          "enchantmentCharge":-1
        }
      },
      "inventory":[{
          "refId":"ingred_6th_corprusmeat_01",
          "count":1,
          "charge":-1,
          "enchantmentCharge":-1,
          "soul":""
        },{
          "refId":"iron club",
          "count":1,
          "charge":-1,
          "enchantmentCharge":-1,
          "soul":""
        }]
    },
    "425161-0":{
      "refId":"chest_small_02_gold_50",
      "inventory":[{
          "refId":"gold_001",
          "count":155,
          "charge":-1,
          "enchantmentCharge":-1,
          "soul":""
        }]
    },
    "425163-0":{
      "refId":"com_sack_02_gold_100",
      "inventory":[{
          "refId":"gold_001",
          "count":100,
          "charge":-1,
          "enchantmentCharge":-1,
          "soul":""
        }]
    },
    "425162-0":{
      "refId":"de_r_chest_01_mcloth3",
      "inventory":[{
          "refId":"extravagant_belt_01",
          "count":2,
          "charge":-1,
          "enchantmentCharge":-1,
          "soul":""
        },{
          "refId":"extravagant_shirt_01",
          "count":1,
          "charge":-1,
          "enchantmentCharge":-1,
          "soul":""
        }]
    }
  }
}